effective_date,source_url,price_image_url,ron95_vung1
1/15/2020,https://www.petrolimex.com.vn/ndi/thong-cao-bao-chi/thong-cao-bao-chi-so-30-2019-plx-tcbc-petrolimex-dieu-chinh-gia-xang-dau-tu-15-gio-30-ngay-15-01-2020.html,https://files.petrolimex.com.vn/pngs/6783DC1271FF449E95B74A9520964169/8330982928624acaa1d07ab6f4539468/Gia%2015.1.2020.png,20 910
1/30/2020,https://www.petrolimex.com.vn/ndi/thong-cao-bao-chi/thong-cao-bao-chi-so-04-2020-plx-tcbc-petrolimex-dieu-chinh-gia-xang-dau-tu-15-gio-ngay-30-01-2020.html,https://files.petrolimex.com.vn/pngs/6783DC1271FF449E95B74A9520964169/4bae9c32d7b6482b88bca28b8c48827c/Gia%2030.1.2020.png,20 120
2/14/2020,https://www.petrolimex.com.vn/ndi/thong-cao-bao-chi/petrolimex-giam-gia-xang-dau-tu-15-gio-ngay-14-02-2020.html,https://files.petrolimex.com.vn/pngs/6783DC1271FF449E95B74A9520964169/2f8b99d6a90d44a78ac83790ff98b54c/Gia%2014.2.2020.PNG,19 380
2/29/2020,https://www.petrolimex.com.vn/ndi/thong-cao-bao-chi/petrolimex-dieu-chinh-gia-xang-dau-tu-15-gio-ngay-29-02-2020.html,https://files.petrolimex.com.vn/jpgs/6783DC1271FF449E95B74A9520964169/73efc6a338ba49c4b756ef6ff59db5dd/b%E1%BA%A3ng%20gi%C3%A1%202.jpg,19 120
3/15/2020,https://www.petrolimex.com.vn/ndi/thong-cao-bao-chi/thong-cao-bao-chi-so-07-2020-plx-tcbc-petrolimex-giam-gia-xang-dau-tu-15-gio-ngay-15-3-2020.html,https://files.petrolimex.com.vn/jpgs/6783DC1271FF449E95B74A9520964169/1b599c254b3c4231a3a1733a8edc38ed/Giabanle.jpg,16 810
3/29/2020,https://www.petrolimex.com.vn/ndi/thong-cao-bao-chi/thong-cao-bao-chi-so-08-2020-plx-tcbc-petrolimex-giam-gia-xang-dau-tu-15-gio-ngay-29-03-2020.html,https://files.petrolimex.com.vn/jpgs/6783DC1271FF449E95B74A9520964169/4c6ac8691ac842e0bf6f57f4660f043f/TCBC%2029.03.jpg,12 560
4/13/2020,https://www.petrolimex.com.vn/ndi/thong-cao-bao-chi/thong-cao-bao-chi-so-09-2020-plx-tcbc-petrolimex-giam-gia-xang-dau-tu-15-gio-ngay-13-4-2020.html,https://files.petrolimex.com.vn/pngs/6783DC1271FF449E95B74A9520964169/0bca2a1acb2541e7a919198f3a5468f2/Gia%2013.4.2020.png,11 930
4/28/2020,https://www.petrolimex.com.vn/ndi/thong-cao-bao-chi/petrolimex-dieu-chinh-gia-xang-dau-tu-15-gio-00-ngay-28-4-2020-thong-cao-bao-chi-so-11-2020-plx-tcbc.html,https://files.petrolimex.com.vn/images/6783DC1271FF449E95B74A9520964169/4009c493acff4f9db4c202896b1150ed/GIa%2028.4.2020.png,11 630
5/13/2020,https://www.petrolimex.com.vn/ndi/thong-cao-bao-chi/thong-cao-bao-chi-so-12-2020-plx-tcbc-petrolimex-dieu-chinh-gia-xang-dau-tu-15-gio-00-ngay-13-5-2020.html,https://files.petrolimex.com.vn/pngs/6783DC1271FF449E95B74A9520964169/3d0e09976bda4304ad448a841eef0484/GIa%2013.5.2020.png,12 230
5/28/2020,https://www.petrolimex.com.vn/ndi/thong-cao-bao-chi/thong-cao-bao-chi-so-13-2020-plx-tcbc-petrolimex-dieu-chinh-gia-xang-dau-tu-15-gio-00-ngay-28-5-2020.html,https://files.petrolimex.com.vn/pngs/6783DC1271FF449E95B74A9520964169/fbf2c32c00774c8885c2a8e460de2c9d/Gia%2028.5.2020.png,13 120
6/12/2020,https://www.petrolimex.com.vn/ndi/thong-cao-bao-chi/thong-cao-bao-chi-so-14-2020-plx-tcbc-petrolimex-dieu-chinh-gia-xang-dau-tu-15-gio-00-ngay-12-6-2020.html,https://files.petrolimex.com.vn/pngs/6783DC1271FF449E95B74A9520964169/75a2e1ef2da1419485965849b370f32a/Gi%C3%A1%2012.6.2020..png,14 080
6/27/2020,https://www.petrolimex.com.vn/ndi/thong-cao-bao-chi/petrolimex-dieu-chinh-gia-xang-dau-tu-15-gio-00-ngay-27-6-2020.html,https://files.petrolimex.com.vn/jpgs/6783DC1271FF449E95B74A9520964169/ae83c79039164a7fa54d4ff5a01b1295/Giabanle.jpg,14 970
7/13/2020,https://www.petrolimex.com.vn/ndi/thong-cao-bao-chi/thong-cao-bao-chi-so-16-2020-plx-tcbc-petrolimex-dieu-chinh-gia-xang-dau-tu-15-gio-00-ngay-13-7-2020.html,https://files.petrolimex.com.vn/pngs/6783DC1271FF449E95B74A9520964169/61898f663d674ceabc327eece070d03c/Gi%C3%A1%2013.7.2020.png,14 970
7/28/2020,https://www.petrolimex.com.vn/ndi/thong-cao-bao-chi/thong-cao-bao-chi-so-17-2020-plx-tcbc-petrolimex-dieu-chinh-gia-xang-dau-tu-15-gio-00-ngay-28-7-2020.html,https://files.petrolimex.com.vn/pngs/6783DC1271FF449E95B74A9520964169/511944383ceb44e2a1bf0303ad96727d/Gia%2028.7.2020.png,14 970
8/12/2020,https://www.petrolimex.com.vn/ndi/thong-cao-bao-chi/thong-cao-bao-chi-so-18-2020-plx-tcbc-petrolimex-dieu-chinh-gia-xang-dau-tu-15-gio-00-ngay-12-8-2020.html,https://files.petrolimex.com.vn/pngs/6783DC1271FF449E95B74A9520964169/4d057ddb7a7043f8bfec4b562b5a8da0/Gia%2012.8.2020.png,14 920
8/27/2020,https://www.petrolimex.com.vn/ndi/thong-cao-bao-chi/thong-cao-bao-chi-so-19-2020-plx-tcbc-petrolimex-dieu-chinh-gia-xang-dau-tu-15-gio-00-ngay-27-8-2020.html,https://files.petrolimex.com.vn/pngs/6783DC1271FF449E95B74A9520964169/56dd2a22331448fb8cbdd59a5975f6e9/Gia%2027.8.2020.png,15 110
9/11/2020,https://www.petrolimex.com.vn/ndi/thong-cao-bao-chi/thong-cao-bao-chi-so-20-2020-plx-tcbc-petrolimex-dieu-chinh-gia-xang-dau-tu-15-gio-00-ngay-11-9-2020.html,https://files.petrolimex.com.vn/pngs/6783DC1271FF449E95B74A9520964169/b4452fb865bd482493f82fb86e705170/Gia%2011.9.2020.png,14 980
9/26/2020,https://www.petrolimex.com.vn/ndi/thong-cao-bao-chi/thong-cao-bao-chi-so-21-2020-plx-tcbc-petrolimex-dieu-chinh-gia-xang-dau-tu-15-gio-00-ngay-26-9-2020.html,https://files.petrolimex.com.vn/pngs/6783DC1271FF449E95B74A9520964169/3422e80396e44c9a80936dec893b1359/Gia%2026.9.2020.png,15 270
10/12/2020,https://www.petrolimex.com.vn/ndi/thong-cao-bao-chi/thong-cao-bao-chi-so-22-2020-plx-tcbc-petrolimex-dieu-chinh-gia-xang-dau-tu-15-gio-00-ngay-12-10-2020.html,https://files.petrolimex.com.vn/pngs/6783DC1271FF449E95B74A9520964169/9db55156b8d24c5fa0c4e3c221dcfb85/Gia%2012.10.2020.png,15 120
10/27/2020,https://www.petrolimex.com.vn/ndi/thong-cao-bao-chi/thong-cao-bao-chi-so-23-2020-plx-tcbc-petrolimex-dieu-chinh-gia-xang-dau-tu-15-gio-00-ngay-27-10-2020.html,https://files.petrolimex.com.vn/pngs/6783DC1271FF449E95B74A9520964169/11cfaff299974448b7ad99b7b626ee47/Gia%2027.10.2020.png,14 940
11/11/2020,https://www.petrolimex.com.vn/ndi/thong-cao-bao-chi/thong-cao-bao-chi-so-24-2020-plx-tcbc-petrolimex-dieu-chinh-gia-xang-dau-tu-15-gio-00-ngay-11-11-2020.html,https://files.petrolimex.com.vn/pngs/6783DC1271FF449E95B74A9520964169/f6c20da5d94e40db8a19718ca8922a18/Gi%C3%A1%2011.11.2020.png,14 700
11/26/2020,https://www.petrolimex.com.vn/ndi/thong-cao-bao-chi/petrolimex-dieu-chinh-gia-xang-dau-tu-15-gio-30-ngay-26-11-2020.html,https://files.petrolimex.com.vn/pngs/6783DC1271FF449E95B74A9520964169/d39c77abb6804007b4d93ef29a38a147/Gia%2026.11.2020.png,15 350
12/11/2020,https://www.petrolimex.com.vn/ndi/thong-cao-bao-chi/thong-cao-bao-chi-so-26-2020-plx-tcbc-petrolimex-dieu-chinh-gia-xang-dau-tu-16-gio-00-ngay-11-12-2020.html,https://files.petrolimex.com.vn/pngs/6783DC1271FF449E95B74A9520964169/7530a8a6532042f6bdd3c6b6243878dd/Gia%2011.12.2020.png,16 000
12/26/2020,https://www.petrolimex.com.vn/ndi/thong-cao-bao-chi/petrolimex-dieu-chinh-gia-xang-dau-tu-15-gio-00-ngay-26-12-2020.html,https://files.petrolimex.com.vn/jpgs/6783DC1271FF449E95B74A9520964169/9ec8f2b78c2a4f98966be25b89d317cc/2020-12-26_14-30-46.jpg,16 470
1/11/2021,https://www.petrolimex.com.vn/ndi/thong-cao-bao-chi/thong-cao-bao-chi-so-01-2021-plx-tcbc-petrolimex-dieu-chinh-gia-xang-dau-tu-15-gio-00-ngay-11-01-2021.html,https://files.petrolimex.com.vn/pngs/6783DC1271FF449E95B74A9520964169/10cee91dba7f4a07b5d35a28f2a5792f/Gia%2011.01.2021.png,16 930
1/26/2021,https://www.petrolimex.com.vn/ndi/thong-cao-bao-chi/thong-cao-bao-chi-so-02-2021-plx-tcbc-petrolimex-dieu-chinh-gia-xang-dau-tu-15-gio-00-ngay-26-01-2021.html,https://files.petrolimex.com.vn/pngs/6783DC1271FF449E95B74A9520964169/9fb44f8fe92140a6ab0d5f3e3f2c54a8/Gia%2026.1.2021.png,17 270
2/10/2021,https://www.petrolimex.com.vn/ndi/thong-cao-bao-chi/petrolimex-giu-nguyen-gia-xang-dau-tu-15-gio-00-ngay-10-02-2021.html,https://files.petrolimex.com.vn/pngs/6783DC1271FF449E95B74A9520964169/9fb44f8fe92140a6ab0d5f3e3f2c54a8/Gia%2026.1.2021.png,17 270
2/25/2021,https://www.petrolimex.com.vn/ndi/thong-cao-bao-chi/thong-cao-bao-chi-so-04-2021-plx-tcbc-petrolimex-dieu-chinh-gia-xang-dau-tu-15-gio-00-ngay-25-02-2021.html,https://files.petrolimex.com.vn/jpgs/6783DC1271FF449E95B74A9520964169/2508a3aba6e14d9ba374aed88ae41513/b%E1%BA%A3ng%20gi%C3%A1.jpg,18 080
3/12/2021,https://www.petrolimex.com.vn/ndi/thong-cao-bao-chi/petrolimex-dieu-chinh-gia-xang-dau-tu-15-gio-00-ngay-12-3-2021.html,https://files.petrolimex.com.vn/pngs/6783DC1271FF449E95B74A9520964169/86efd94508b24ac4bb491e7a0a6a0b5c/Gia%2012.3.2021.PNG,18 880
3/27/2021,https://www.petrolimex.com.vn/ndi/thong-cao-bao-chi/petrolimex-dieu-chinh-gia-xang-dau-tu-15-gio-00-ngay-27-3-2021.html,https://files.petrolimex.com.vn/jpgs/6783DC1271FF449E95B74A9520964169/0c8a0a4259ea422aba1d6b2c28eb000a/GI%C3%81.JPG,19 040
4/12/2021,https://www.petrolimex.com.vn/ndi/thong-cao-bao-chi/thong-cao-bao-chi-so-07-2021-plx-tcbc-petrolimex-dieu-chinh-gia-xang-dau-tu-16-gio-30-ngay-12-4-2021.html,https://files.petrolimex.com.vn/pngs/6783DC1271FF449E95B74A9520964169/eaccbcfa05b841269e690b2c2c62abf2/Gia%2012.4.2021.png,18 970
4/27/2021,https://www.petrolimex.com.vn/ndi/thong-cao-bao-chi/thong-cao-bao-chi-so-09-2021-plx-tcbc-petrolimex-dieu-chinh-gia-xang-dau-tu-15-gio-00-ngay-27-4-2021.html,https://files.petrolimex.com.vn/pngs/6783DC1271FF449E95B74A9520964169/390c5ba8348d4072bc545f19eddd5472/Gia%2027.4.2021.png,19 160
5/12/2021,https://www.petrolimex.com.vn/ndi/thong-cao-bao-chi/petrolimex-dieu-chinh-gia-xang-dau-tu-15-gio-00-ngay-12-5-2021.html,https://files.petrolimex.com.vn/pngs/6783dc1271ff449e95b74a9520964169/5eed257647b442d8940edfe2ff651d0c/Gia%2012.5.2021.png,19 530
5/27/2021,https://www.petrolimex.com.vn/ndi/thong-cao-bao-chi/petrolimex-giu-nguyen-gia-xang-dau-tu-15-gio-00-ngay-27-5-2021.html,https://files.petrolimex.com.vn/pngs/6783dc1271ff449e95b74a9520964169/ea18678531ed48c5a885cf76615ef390/Gi%C3%A1%2027.5.2021.png,19 530
6/11/2021,https://www.petrolimex.com.vn/ndi/thong-cao-bao-chi/petrolimex-dieu-chinh-gia-xang-dau-tu-15-gio-00-ngay-11-6-2021.html,https://files.petrolimex.com.vn/pngs/6783dc1271ff449e95b74a9520964169/ddcc6d4ab6994be2bf3e7cb3169ee2e1/Gia%2011.6.2021.png,20 160
6/26/2021,https://www.petrolimex.com.vn/ndi/thong-cao-bao-chi/petrolimex-dieu-chinh-gia-xang-dau-tu-15-gio-00-ngay-26-6-2021.html,https://files.petrolimex.com.vn/jpgs/6783dc1271ff449e95b74a9520964169/4f2793470d564622b33163ae3333f763/2021-06-26_14-42-18.jpg,20 910
7/12/2021,https://www.petrolimex.com.vn/ndi/thong-cao-bao-chi/petrolimex-dieu-chinh-gia-xang-dau-tu-15-gio-00-ngay-12-7-2021.html,https://files.petrolimex.com.vn/pngs/6783dc1271ff449e95b74a9520964169/f9db9a4911894c0e8f559fda2f177d5b/Gia%2012.7.2021.png,21 780
7/27/2021,https://www.petrolimex.com.vn/ndi/thong-cao-bao-chi/petrolimex-dieu-chinh-gia-xang-dau-tu-15-gio-00-ngay-27-7-2021.html,https://files.petrolimex.com.vn/pngs/6783dc1271ff449e95b74a9520964169/f7d95859d5d24bd1b8b9d3bc17e05b09/Gia%2027.7.2021.png,21 680
8/11/2021,https://www.petrolimex.com.vn/ndi/thong-cao-bao-chi/petrolimex-dieu-chinh-gia-xang-dau-tu-15-gio-00-ngay-11-8-2021.html,https://files.petrolimex.com.vn/pngs/6783dc1271ff449e95b74a9520964169/27ae828432f04279966c026fd59ffb6d/Gia%2011.8.2021.png,21 680
8/26/2021,https://www.petrolimex.com.vn/ndi/thong-cao-bao-chi/petrolimex-dieu-chinh-gia-xang-dau-tu-15-gio-00-ngay-26-8-2021.html,https://files.petrolimex.com.vn/pngs/6783dc1271ff449e95b74a9520964169/b9c07be735b44a398a350906a8581156/Gia%2026.8.20021.png,21 130
9/10/2021,https://www.petrolimex.com.vn/ndi/thong-cao-bao-chi/petrolimex-dieu-chinh-gia-xang-dau-tu-15-gio-00-ngay-10-9-2021.html,https://files.petrolimex.com.vn/pngs/6783dc1271ff449e95b74a9520964169/9c857d92b3e64159864d7e64f0564557/Gia%2010.9.2021.png,21 390
9/25/2021,https://www.petrolimex.com.vn/ndi/thong-cao-bao-chi/petrolimex-dieu-chinh-gia-xang-dau-tu-15-gio-00-ngay-25-9-2021.html,https://files.petrolimex.com.vn/pngs/6783dc1271ff449e95b74a9520964169/003c6a3b47f44fe3bbe0199aebccd4c5/image.png,21 940
10/11/2021,https://www.petrolimex.com.vn/ndi/thong-cao-bao-chi/petrolimex-dieu-chinh-gia-xang-dau-tu-15-gio-00-ngay-11-10-2021.html,https://files.petrolimex.com.vn/pngs/6783dc1271ff449e95b74a9520964169/d534be8c9a764dd0a3b20c47028fff88/Gia%2011.10.2021.png,22 870
10/26/2021,https://www.petrolimex.com.vn/ndi/thong-cao-bao-chi/petrolimex-dieu-chinh-gia-xang-dau-tu-16-gio-00-ngay-26-10-2021.html,https://files.petrolimex.com.vn/pngs/6783dc1271ff449e95b74a9520964169/dce7f013e849492d92752a89ca1ba1e3/Gia%2026.10.2021.png,24 330
11/10/2021,https://www.petrolimex.com.vn/ndi/thong-cao-bao-chi/petrolimex-dieu-chinh-gia-xang-dau-tu-15-gio-00-ngay-10-11-2021.html,https://files.petrolimex.com.vn/pngs/6783dc1271ff449e95b74a9520964169/6dd60cd17eae4215940ad3f0d1b3ee63/Gia%2010.11.2021.png,24 990
11/25/2021,https://www.petrolimex.com.vn/ndi/thong-cao-bao-chi/petrolimex-dieu-chinh-gia-xang-dau-tu-15-gio-00-ngay-25-11-2021.html,https://files.petrolimex.com.vn/pngs/6783dc1271ff449e95b74a9520964169/5edf99cecd2941039602984b25aa2b12/Gia%2025.11.2021.png,23 900
12/10/2021,https://www.petrolimex.com.vn/ndi/thong-cao-bao-chi/petrolimex-dieu-chinh-gia-xang-dau-tu-15-gio-00-ngay-10-12-2021.html,https://files.petrolimex.com.vn/pngs/6783dc1271ff449e95b74a9520964169/d097802f2cc14753abe4162b4ad354b4/Gia%2010.12.2021.png,22 800
12/25/2021,https://www.petrolimex.com.vn/ndi/thong-cao-bao-chi/petrolimex-dieu-chinh-gia-xang-dau-tu-15-gio-00-ngay-25-12-2021.html,https://files.petrolimex.com.vn/jpgs/6783dc1271ff449e95b74a9520964169/b90c24eca9b14dc08b47d9665aea55f4/Giabanle.jpg,
1/11/2022,https://www.petrolimex.com.vn/ndi/thong-cao-bao-chi/petrolimex-dieu-chinh-gia-xang-dau-tu-15-gio-00-ngay-11-01-2022.html,https://files.petrolimex.com.vn/pngs/6783dc1271ff449e95b74a9520964169/328ff7348ec84ac7b0740c94560f383d/Gia%2011.01.2022.png,23 870
1/21/2022,https://www.petrolimex.com.vn/ndi/thong-cao-bao-chi/petrolimex-dieu-chinh-gia-xang-dau-tu-15-gio-00-ngay-21-01-2022.html,https://files.petrolimex.com.vn/pngs/6783dc1271ff449e95b74a9520964169/ebc7372b027448d69e8e6d198370a054/Gia%2021.01.2022.png,24 360
2/11/2022,https://www.petrolimex.com.vn/ndi/thong-cao-bao-chi/petrolimex-dieu-chinh-gia-xang-dau-tu-15-gio-00-ngay-11-02-2022.html,https://files.petrolimex.com.vn/images/6783dc1271ff449e95b74a9520964169/2488e6619dde4ad6a29a280898892034/Gia%2011.2.2022.png,25 320
2/11/2022,https://www.petrolimex.com.vn/ndi/thong-cao-bao-chi/petrolimex-dieu-chinh-gia-xang-dau-tu-15-gio-00-ngay-11-02-2022.html,https://files.petrolimex.com.vn/pngs/6783dc1271ff449e95b74a9520964169/2488e6619dde4ad6a29a280898892034/Gia%2011.2.2022.png,25 320
2/21/2022,https://www.petrolimex.com.vn/ndi/thong-cao-bao-chi/petrolimex-dieu-chinh-gia-xang-dau-tu-15-gio-00-ngay-21-02-2022.html,https://files.petrolimex.com.vn/pngs/6783dc1271ff449e95b74a9520964169/29402ee0e015427f982908df8aedc041/Gia%2021.2.2022.png,26 280
3/1/2022,https://www.petrolimex.com.vn/ndi/thong-cao-bao-chi/petrolimex-dieu-chinh-gia-xang-dau-tu-15-gio-00-ngay-01-03-2022.html,https://files.petrolimex.com.vn/jpgs/6783dc1271ff449e95b74a9520964169/35728c31f991430ca1a862f0427f7360/32.jpg,26 830
3/11/2022,https://www.petrolimex.com.vn/ndi/thong-cao-bao-chi/petrolimex-dieu-chinh-gia-xang-dau-tu-15-gio-00-ngay-11-03-2022.html,https://files.petrolimex.com.vn/pngs/6783dc1271ff449e95b74a9520964169/da1de1f67fa6486cb4e894f9bd248c8a/Gia%2011.3.2022.png,29 820
3/21/2022,https://www.petrolimex.com.vn/ndi/thong-cao-bao-chi/petrolimex-dieu-chinh-gia-xang-dau-tu-15-gio-00-ngay-21-3-2022.html,https://files.petrolimex.com.vn/pngs/6783dc1271ff449e95b74a9520964169/685f3e454571427ebf1d42798e35f2f7/Gia%2021.3.2022.png,29 190
4/1/2022,https://www.petrolimex.com.vn/ndi/thong-cao-bao-chi/petrolimex-dieu-chinh-gia-xang-dau-tu-00-gio-00-ngay-01-4-2022.html,https://files.petrolimex.com.vn/pngs/6783dc1271ff449e95b74a9520964169/bdc5add95f344b93af66681ef70fa3e1/Gia%2001.4.2022.png,28 150
4/12/2022,https://www.petrolimex.com.vn/ndi/thong-cao-bao-chi/petrolimex-dieu-chinh-gia-xang-dau-tu-15-gio-00-ngay-12-04-2022.html,https://files.petrolimex.com.vn/jpgs/6783dc1271ff449e95b74a9520964169/85da02bff2354cce9cf45257bc35cfb7/1.jpg,27 310
4/21/2022,https://www.petrolimex.com.vn/ndi/thong-cao-bao-chi/petrolimex-dieu-chinh-gia-xang-dau-tu-15-gio-00-ngay-21-4-2022.html,https://files.petrolimex.com.vn/pngs/6783dc1271ff449e95b74a9520964169/d2e8311aae6c44b19284798214aea718/Gia%2021.4.2022.png,27 990
5/4/2022,https://www.petrolimex.com.vn/ndi/thong-cao-bao-chi/petrolimex-dieu-chinh-gia-xang-dau-tu-15-gio-00-ngay-04-5-2022.html,https://files.petrolimex.com.vn/pngs/6783dc1271ff449e95b74a9520964169/5b8b888cf3e84170a376629cdcaf22c0/Gia%2004.5.2022.png,28 430
5/11/2022,https://www.petrolimex.com.vn/ndi/thong-cao-bao-chi/petrolimex-dieu-chinh-gia-xang-dau-tu-15-gio-00-ngay-11-5-2022.html,https://files.petrolimex.com.vn/pngs/6783dc1271ff449e95b74a9520964169/aba42072edc34a1792686d2b0572d478/Gia%2011.5.2022.png,29 980
5/23/2022,https://www.petrolimex.com.vn/ndi/thong-cao-bao-chi/petrolimex-dieu-chinh-gia-xang-dau-tu-15-gio-00-ngay-23-5-2022.html,https://files.petrolimex.com.vn/jpgs/6783dc1271ff449e95b74a9520964169/2ea1dc48e65948a9b090d58fd896094b/Gia%2023.5.2022.JPG,30 650
6/1/2022,https://www.petrolimex.com.vn/ndi/thong-cao-bao-chi/petrolimex-dieu-chinh-gia-xang-dau-tu-15-gio-00-ngay-01-6-2022.html,https://files.petrolimex.com.vn/jpgs/6783dc1271ff449e95b74a9520964169/fd524ecf9c884c9b91e1ed463140b6e9/Gia%2001.6.2022.JPG,31 570
6/13/2022,https://www.petrolimex.com.vn/ndi/thong-cao-bao-chi/petrolimex-dieu-chinh-gia-xang-dau-tu-15-gio-00-ngay-13-6-2022.html,https://files.petrolimex.com.vn/jpgs/6783dc1271ff449e95b74a9520964169/e61443cfbc5042a3a73adcaaaff431b9/Gia%2013.6.2022.JPG,32 370
6/21/2022,https://www.petrolimex.com.vn/ndi/thong-cao-bao-chi/petrolimex-dieu-chinh-gia-xang-dau-tu-15-gio-00-ngay-21-6-2022.html,https://files.petrolimex.com.vn/pngs/6783dc1271ff449e95b74a9520964169/47a2826186e54b46a20c73998fcba119/Gia%2021.6.2022.png,32 870
7/1/2022,https://www.petrolimex.com.vn/ndi/thong-cao-bao-chi/petrolimex-dieu-chinh-gia-xang-dau-tu-15-gio-00-ngay-01-7-2022.html,https://files.petrolimex.com.vn/jpgs/6783dc1271ff449e95b74a9520964169/68fcf9bf257745b4a1c36a790ac31235/Gia%2001.7.2022.JPG,32 760
7/11/2022,https://www.petrolimex.com.vn/ndi/thong-cao-bao-chi/petrolimex-dieu-chinh-gia-xang-dau-tu-00-gio-00-ngay-11-7-2022.html,https://files.petrolimex.com.vn/pngs/6783dc1271ff449e95b74a9520964169/c0ca1c1eb3a84f618e9876c628398cda/Gia%2011.7.2022.png,29 670
7/21/2022,https://www.petrolimex.com.vn/ndi/thong-cao-bao-chi/petrolimex-dieu-chinh-gia-xang-dau-tu-15-gio-00-ngay-21-7-2022.html,https://files.petrolimex.com.vn/jpgs/6783dc1271ff449e95b74a9520964169/8faeb5f7e1ee4c3dbe2af76a3288b29e/Gia%2021.7.2022.JPG,26 070
8/1/2022,https://www.petrolimex.com.vn/ndi/thong-cao-bao-chi/petrolimex-dieu-chinh-gia-xang-dau-tu-15-gio-00-ngay-01-8-2022.html,https://files.petrolimex.com.vn/jpgs/6783dc1271ff449e95b74a9520964169/08722efd0c27402e9c0a19f757dd93af/Gia%2001.8.2022.JPG,25 600
8/11/2022,https://www.petrolimex.com.vn/ndi/thong-cao-bao-chi/petrolimex-dieu-chinh-gia-xang-dau-tu-15-gio-00-ngay-11-8-2022.html,https://files.petrolimex.com.vn/jpgs/6783dc1271ff449e95b74a9520964169/7945ddafcd294de68003fd2b7f1c285e/2022-08-11_14-30-29.jpg,24 660
8/22/2022,https://www.petrolimex.com.vn/ndi/thong-cao-bao-chi/petrolimex-dieu-chinh-gia-xang-dau-tu-15-gio-00-ngay-22-8-2022.html,https://files.petrolimex.com.vn/jpgs/6783dc1271ff449e95b74a9520964169/c5461c37686749a8b55910d34a3fe17a/Gia%2022.8.2022.JPG,24 660
9/5/2022,https://www.petrolimex.com.vn/ndi/thong-cao-bao-chi/petrolimex-dieu-chinh-gia-xang-dau-tu-15-gio-00-ngay-05-9-2022.html,https://files.petrolimex.com.vn/jpgs/6783dc1271ff449e95b74a9520964169/0460a965d99449bb8587a3c06b7a986a/Gia%2005.9.2022.JPG,24 230
9/12/2022,https://www.petrolimex.com.vn/ndi/thong-cao-bao-chi/petrolimex-dieu-chinh-gia-xang-dau-tu-15-gio-00-ngay-12-9-2022.html,https://files.petrolimex.com.vn/jpgs/6783dc1271ff449e95b74a9520964169/b07a48a29ff140f5a4688b49ce31887f/Gia%2012.9.2022.JPG,23 210
9/21/2022,https://www.petrolimex.com.vn/ndi/thong-cao-bao-chi/petrolimex-dieu-chinh-gia-xang-dau-tu-15-gio-00-ngay-21-9-2022.html,https://files.petrolimex.com.vn/jpgs/6783dc1271ff449e95b74a9520964169/225aa7eab6bf4e08916dc38b262c4aca/Gia%2021.9.2022.JPG,22 580
10/3/2022,https://www.petrolimex.com.vn/ndi/thong-cao-bao-chi/petrolimex-dieu-chinh-gia-xang-dau-tu-15-gio-00-ngay-03-10-2022.html,https://files.petrolimex.com.vn/jpgs/6783dc1271ff449e95b74a9520964169/8e44b817c20d476f9c3805fc5c295a08/Gia%2003.10.2022.JPG,21 440
10/11/2022,https://www.petrolimex.com.vn/ndi/thong-cao-bao-chi/petrolimex-dieu-chinh-gia-xang-dau-tu-15-gio-00-ngay-11-10-2022.html,https://files.petrolimex.com.vn/jpgs/6783dc1271ff449e95b74a9520964169/c25ceda3c00c46f9872a19aeb3e23dfc/Gia%2011.10.2022.JPG,22 000
10/21/2022,https://www.petrolimex.com.vn/ndi/thong-cao-bao-chi/petrolimex-dieu-chinh-gia-xang-dau-tu-15-gio-00-ngay-21-10-2022.html,https://files.petrolimex.com.vn/jpgs/6783dc1271ff449e95b74a9520964169/8e3805df505e4d04b61095a00f9d82ea/Gia%2021.10.2022.JPG,22 340
11/1/2022,https://www.petrolimex.com.vn/ndi/thong-cao-bao-chi/petrolimex-dieu-chinh-gia-xang-dau-tu-15-gio-00-ngay-01-11-2022.html,https://files.petrolimex.com.vn/jpgs/6783dc1271ff449e95b74a9520964169/bf96c1304ac44762b711e1a2f85f6a08/Gia%2001.11.2022.JPG,22 750
11/11/2022,https://www.petrolimex.com.vn/ndi/thong-cao-bao-chi/petrolimex-dieu-chinh-gia-xang-dau-tu-15-gio-00-ngay-11-11-2022.html,https://files.petrolimex.com.vn/jpgs/6783dc1271ff449e95b74a9520964169/9f7e491cbce74d02babdceb5ff485436/14.jpg,23 860
11/21/2022,https://www.petrolimex.com.vn/ndi/thong-cao-bao-chi/petrolimex-dieu-chinh-gia-xang-dau-tu-15-gio-00-ngay-21-11-2022.html,https://files.petrolimex.com.vn/jpgs/6783dc1271ff449e95b74a9520964169/14819057ee1b4e85bf1278a110588136/Gia%2021.11.2022.JPG,23 780
12/1/2022,https://www.petrolimex.com.vn/ndi/thong-cao-bao-chi/petrolimex-dieu-chinh-gia-xang-dau-tu-15-gio-00-ngay-01-12-2022.html,https://files.petrolimex.com.vn/jpgs/6783dc1271ff449e95b74a9520964169/bace718f0b1d45b6b40531a877a9d267/2022-12-01_14-39-10.jpg,22 700
12/12/2022,https://www.petrolimex.com.vn/ndi/thong-cao-bao-chi/petrolimex-dieu-chinh-gia-xang-dau-tu-15-gio-00-ngay-12-12-2022.html,https://files.petrolimex.com.vn/jpgs/6783dc1271ff449e95b74a9520964169/6bf4c361193a48c5b4f4d3930e6d1220/Gia%2012.12.2022.JPG,21 200
12/21/2022,https://www.petrolimex.com.vn/ndi/thong-cao-bao-chi/petrolimex-dieu-chinh-gia-xang-dau-tu-15-gio-00-ngay-21-12-2022.html,https://files.petrolimex.com.vn/jpgs/6783dc1271ff449e95b74a9520964169/685609bc81184e7d953e98b78ed41d0b/Gia%2021.12.2022.JPG,20 700
1/1/2023,https://www.petrolimex.com.vn/ndi/thong-cao-bao-chi/petrolimex-dieu-chinh-gia-xang-dau-tu-00-gio-00-ngay-01-01-2023.html,https://files.petrolimex.com.vn/jpgs/6783dc1271ff449e95b74a9520964169/da568e7735f4455d8f6a863b385f4e75/Gia%2001.01.2023.jpg,21 800
1/3/2023,https://www.petrolimex.com.vn/ndi/thong-cao-bao-chi/petrolimex-dieu-chinh-gia-xang-dau-tu-15-gio-00-ngay-03-01-2023.html,https://files.petrolimex.com.vn/jpgs/6783dc1271ff449e95b74a9520964169/a871ec6e41b149e4a62a6d4b28c4f769/Gia%2003.01.2023.JPG,22 590
1/11/2023,https://www.petrolimex.com.vn/ndi/thong-cao-bao-chi/petrolimex-dieu-chinh-gia-xang-dau-tu-15h-ngay-11-01-2023.html,https://files.petrolimex.com.vn/jpgs/6783dc1271ff449e95b74a9520964169/38c92d084f1b42d59843980fa2a3ed2c/Gia%2011.01.2023.JPG,22 150
1/30/2023,https://www.petrolimex.com.vn/ndi/thong-cao-bao-chi/petrolimex-dieu-chinh-gia-xang-dau-tu-19-gio-00-ngay-30-01-2023.html,https://files.petrolimex.com.vn/pngs/6783dc1271ff449e95b74a9520964169/62ceea78c2884b0db0925674711e40a5/Screenshot%202023-01-30%20195039.png,23 140
2/13/2023,https://www.petrolimex.com.vn/ndi/thong-cao-bao-chi/petrolimex-dieu-chinh-gia-xang-dau-tu-15-gio-30-phut-ngay-13-02-2023.html,https://files.petrolimex.com.vn/jpgs/6783dc1271ff449e95b74a9520964169/d09f8edc4f364e6eb78925f6c580381f/Gia%2013.2.2023.JPG,23 760
2/21/2023,https://www.petrolimex.com.vn/ndi/thong-cao-bao-chi/petrolimex-dieu-chinh-gia-xang-dau-tu-15-gio-00-phut-ngay-21-02-2023.html,https://files.petrolimex.com.vn/jpgs/6783dc1271ff449e95b74a9520964169/3b5da2e093e742278e691b9166cb486e/GIa%2021.2.2023.JPG,23 440
3/1/2023,https://www.petrolimex.com.vn/ndi/thong-cao-bao-chi/petrolimex-dieu-chinh-gia-xang-dau-tu-15-gio-00-phut-ngay-01-3-2023.html,https://files.petrolimex.com.vn/jpgs/6783dc1271ff449e95b74a9520964169/8a04840bdf184efb9ef0d052ad8e2707/Gia%2001.3.2023.JPG,23 320
3/13/2023,https://www.petrolimex.com.vn/ndi/thong-cao-bao-chi/petrolimex-dieu-chinh-gia-xang-dau-tu-15-gio-00-phut-ngay-13-3-2023.html,https://files.petrolimex.com.vn/jpgs/6783dc1271ff449e95b74a9520964169/ea1c5b53cb9046bf88772b1dae168e14/Gia%2013.3.2023.JPG,23 810
3/21/2023,https://www.petrolimex.com.vn/ndi/thong-cao-bao-chi/petrolimex-dieu-chinh-gia-xang-dau-tu-15-gio-00-phut-ngay-21-3-2023.html,https://files.petrolimex.com.vn/jpgs/6783dc1271ff449e95b74a9520964169/fdc7c623bc6c4e7fb64efeb3e7505028/Gia%2021.3.2023.JPG,23 030
4/3/2023,https://www.petrolimex.com.vn/ndi/thong-cao-bao-chi/petrolimex-dieu-chinh-gia-xang-dau-tu-15-gio-00-phut-ngay-03-04-2023.html,https://files.petrolimex.com.vn/jpgs/6783dc1271ff449e95b74a9520964169/deda764eb5a443ba8b3f924c0f336419/2023-04-03_14-44-24.jpg,23 120
4/11/2023,https://www.petrolimex.com.vn/ndi/thong-cao-bao-chi/petrolimex-dieu-chinh-gia-xang-dau-tu-15-gio-00-phut-ngay-11-4-2023.html,https://files.petrolimex.com.vn/jpgs/6783dc1271ff449e95b74a9520964169/fa6ae4836fe74d8abaf122ce7cde10ad/Gia%2011.4.2023.JPG,24 240
4/21/2023,https://www.petrolimex.com.vn/ndi/thong-cao-bao-chi/petrolimex-dieu-chinh-gia-xang-dau-tu-17-gio-00-phut-ngay-21-4-2023.html,https://files.petrolimex.com.vn/jpgs/6783dc1271ff449e95b74a9520964169/945fda5609614fb78cf65e0be640e8b1/Bang%20gia%2021.4.23.jpg,23 630
5/4/2023,https://www.petrolimex.com.vn/ndi/thong-cao-bao-chi/petrolimex-dieu-chinh-gia-xang-dau-tu-15-gio-00-phut-ngay-04-5-2023.html,https://files.petrolimex.com.vn/jpgs/6783dc1271ff449e95b74a9520964169/e331190afdb54cbfb64e74e0938557d9/Gia%2004.5.2023.JPG,22 320
5/11/2023,https://www.petrolimex.com.vn/ndi/thong-cao-bao-chi/petrolimex-dieu-chinh-gia-xang-dau-tu-15-gio-00-phut-ngay-11-5-2023.html,https://files.petrolimex.com.vn/pngs/6783dc1271ff449e95b74a9520964169/6bffa612f5df45e7b8dcf72369f57183/Gia%2011.5.2023.png,21 000
6/1/2023,https://www.petrolimex.com.vn/ndi/thong-cao-bao-chi/petrolimex-dieu-chinh-gia-xang-dau-tu-15-gio-00-phut-ngay-01-6-2023.html,https://files.petrolimex.com.vn/jpgs/6783dc1271ff449e95b74a9520964169/bb4c1b8f494b4768b6693cd5fa09d2a0/Gia%2001.6.2023.JPG,22 010
0202-06-12,Petrolimex điều chỉnh giá xăng dầu từ 15 giờ 00 phút ngày 12.6.2023 :: Petrolimex (PLX) - Tập đoàn Xăng dầu Việt Nam,https://files.petrolimex.com.vn/images/6783dc1271ff449e95b74a9520964169/a75b70b39a7a42bfbbf47f15c839aace/Gia%2012.6.2023.JPG,22 010
6/21/2023,https://www.petrolimex.com.vn/ndi/thong-cao-bao-chi/petrolimex-dieu-chinh-gia-xang-dau-tu-15-gio-00-phut-ngay-21-6-2023.html,https://files.petrolimex.com.vn/jpgs/6783dc1271ff449e95b74a9520964169/2a3b5cf916e14eba91cdc2d0b3476ed3/Gia%2021.6.2023.JPG,22 010
7/3/2023,https://www.petrolimex.com.vn/ndi/thong-cao-bao-chi/petrolimex-dieu-chinh-gia-xang-dau-tu-15-gio-00-phut-ngay-03-7-2023.html,https://files.petrolimex.com.vn/jpgs/6783dc1271ff449e95b74a9520964169/6ce3d4f48ea544fb849253fe8637f3de/12.jpg,21 420
7/11/2023,https://www.petrolimex.com.vn/ndi/thong-cao-bao-chi/petrolimex-dieu-chinh-gia-xang-dau-tu-15-gio-00-phut-ngay-11-7-2023.html,https://files.petrolimex.com.vn/jpgs/6783dc1271ff449e95b74a9520964169/58d63123737c4a2d82c973d3e26e9314/Gia%2011.7.2023.JPG,21 490
7/21/2020,Petrolimex điều chỉnh giá xăng dầu từ 15 giờ 00 phút ngày 21.7.2023 :: Petrolimex (PLX) - Tập đoàn Xăng dầu Việt Nam,https://files.petrolimex.com.vn/images/6783dc1271ff449e95b74a9520964169/68dcf18013a248ff92168f9b3705c34b/Gia%2021.7.2023.JPG,22 790
8/1/2023,https://www.petrolimex.com.vn/ndi/thong-cao-bao-chi/petrolimex-dieu-chinh-gia-xang-dau-tu-15-gio-00-phut-ngay-01-8-2023.html,https://files.petrolimex.com.vn/jpgs/6783dc1271ff449e95b74a9520964169/95da783c592b44ed9777e903b366ede8/Gia%2001.8.2023.JPG,23 960
8/11/2023,https://www.petrolimex.com.vn/ndi/thong-cao-bao-chi/petrolimex-dieu-chinh-gia-xang-dau-tu-15-gio-00-phut-ngay-11-8-2023.html,https://files.petrolimex.com.vn/jpgs/6783dc1271ff449e95b74a9520964169/89f0b13d17dc42ccb568633af17e996c/Gia%2011.8.2023.JPG,23 990
8/21/2023,https://www.petrolimex.com.vn/ndi/thong-cao-bao-chi/petrolimex-dieu-chinh-gia-xang-dau-tu-15-gio-00-phut-ngay-21-8-2023.html,https://files.petrolimex.com.vn/jpgs/6783dc1271ff449e95b74a9520964169/e9a01a77adb242fd860623c2282826c3/Gia%2021.8.2023.JPG,24 600
9/5/2023,https://www.petrolimex.com.vn/ndi/thong-cao-bao-chi/petrolimex-dieu-chinh-gia-xang-dau-tu-15-gio-00-phut-ngay-05-9-2023.html,https://files.petrolimex.com.vn/jpgs/6783dc1271ff449e95b74a9520964169/ffcc67ee1ee740148610ad44f529e47d/Gia%2005.9.2023.JPG,24 870
9/11/2023,https://www.petrolimex.com.vn/ndi/thong-cao-bao-chi/petrolimex-dieu-chinh-gia-xang-dau-tu-15-gio-00-phut-ngay-11-9-2023.html,https://files.petrolimex.com.vn/jpgs/6783dc1271ff449e95b74a9520964169/7d2acf8eb9b54316b2b6174c65e20927/Gia%2011.9.2023.JPG,24 870
9/21/2023,Petrolimex điều chỉnh giá xăng dầu từ 16 giờ 00 phút ngày 21.9.2023 :: Petrolimex (PLX) - Tập đoàn Xăng dầu Việt Nam,https://files.petrolimex.com.vn/images/6783dc1271ff449e95b74a9520964169/15ccfa2b2e2a4971ba8cccf188e0a547/b%E1%BA%A3ng%20gi%C3%A1.chu%E1%BA%A9n.jpg,25 740
10/2/2023,https://www.petrolimex.com.vn/ndi/thong-cao-bao-chi/petrolimex-dieu-chinh-gia-xang-dau-tu-15-gio-00-phut-ngay-02-10-2023.html,https://files.petrolimex.com.vn/jpgs/6783dc1271ff449e95b74a9520964169/07a9a419abcf495d8b1edb20aa2798bd/Gia%2002.10.2023.JPG,24 840
10/11/2023,https://www.petrolimex.com.vn/ndi/thong-cao-bao-chi/petrolimex-dieu-chinh-gia-xang-dau-tu-16-gio-00-phut-ngay-11-10-2023.html,https://files.petrolimex.com.vn/pngs/6783dc1271ff449e95b74a9520964169/71611571ccd346c5b813d345c582fc39/Gia%2011.10.2023.png,23 040
10/23/2023,https://www.petrolimex.com.vn/ndi/thong-cao-bao-chi/petrolimex-dieu-chinh-gia-xang-dau-tu-15-gio-00-phut-ngay-23-10-2023.html,https://files.petrolimex.com.vn/jpgs/6783dc1271ff449e95b74a9520964169/90cb5194364842088f7bad211c784bd8/b%E1%BA%A3ng%20gi%C3%A1%2023.10.23.jpg,23 510
11/1/2023,https://www.petrolimex.com.vn/ndi/thong-cao-bao-chi/petrolimex-dieu-chinh-gia-xang-dau-tu-15-gio-00-phut-ngay-01-11-2023.html,https://files.petrolimex.com.vn/jpgs/6783dc1271ff449e95b74a9520964169/07fa0f2b3e69443cb0e312c1f20f1371/2023-11-01_14-40-37.jpg,23 920
11/13/2023,https://www.petrolimex.com.vn/ndi/thong-cao-bao-chi/petrolimex-dieu-chinh-gia-xang-dau-tu-15-gio-00-phut-ngay-13-11-2023.html,https://files.petrolimex.com.vn/jpgs/6783dc1271ff449e95b74a9520964169/d8ef583aa214466d92807e134d12f93c/Gia%2013.11.2023.JPG,23 530
11/23/2023,https://www.petrolimex.com.vn/ndi/thong-cao-bao-chi/petrolimex-dieu-chinh-gia-xang-dau-tu-15-gio-00-phut-ngay-23-11-2023.html,https://files.petrolimex.com.vn/jpgs/6783dc1271ff449e95b74a9520964169/1d61bb060a1d4517988f0418df18c0fa/Gia%2023.11.2023.JPG,23 020
11/30/2023,https://www.petrolimex.com.vn/ndi/thong-cao-bao-chi/petrolimex-dieu-chinh-gia-xang-dau-tu-15-gio-00-phut-ngay-30-11-2023.html,https://files.petrolimex.com.vn/jpgs/6783dc1271ff449e95b74a9520964169/1920eb242534446ab9cd1d5e9cc5d97f/Gia%2030.11.2023.JPG,22 990
12/7/2023,https://www.petrolimex.com.vn/ndi/thong-cao-bao-chi/petrolimex-dieu-chinh-gia-xang-dau-tu-15-gio-00-phut-ngay-07-12-2023.html,https://files.petrolimex.com.vn/jpgs/6783dc1271ff449e95b74a9520964169/315e744762a44ec586beed094fac3083/Gia%2007.12.2023.JPG,22 320
12/14/2023,https://www.petrolimex.com.vn/ndi/thong-cao-bao-chi/petrolimex-dieu-chinh-gia-xang-dau-tu-15-gio-00-phut-ngay-14-12-2023.html,https://files.petrolimex.com.vn/jpgs/6783dc1271ff449e95b74a9520964169/b99665827e5d404688c54c2caa80e496/Gia%2014.12.2023.JPG,21 400
12/21/2023,https://www.petrolimex.com.vn/ndi/thong-cao-bao-chi/petrolimex-dieu-chinh-gia-xang-dau-tu-16-gio-00-phut-ngay-21-12-2023.html,https://files.petrolimex.com.vn/jpgs/6783dc1271ff449e95b74a9520964169/b960e98f58794d80a937317073bb15a6/Gia%2021.12.2023.JPG,22 140
12/28/2023,https://www.petrolimex.com.vn/ndi/thong-cao-bao-chi/petrolimex-dieu-chinh-gia-xang-dau-tu-15-gio-00-phut-ngay-28-12-2023.html,https://files.petrolimex.com.vn/jpgs/6783dc1271ff449e95b74a9520964169/11f0984fa8cb43209638ce683e0dbc66/Gia%2028.12.2023.JPG,22 140
1/4/2024,https://www.petrolimex.com.vn/ndi/thong-cao-bao-chi/petrolimex-dieu-chinh-gia-xang-dau-tu-15-gio-00-phut-ngay-04-01-2024.html,https://files.petrolimex.com.vn/jpgs/6783dc1271ff449e95b74a9520964169/1fdefd90610848e2830619359203593a/Giabanle.JPG,21 910
1/11/2024,https://www.petrolimex.com.vn/ndi/thong-cao-bao-chi/petrolimex-dieu-chinh-gia-xang-dau-tu-15-gio-00-phut-ngay-11-01-2024.html,https://files.petrolimex.com.vn/jpgs/6783dc1271ff449e95b74a9520964169/dda13c5a15a04191a89c29a1ab9ca86f/Gi%C3%A1%2011.01.2024.JPG,21 930
1/18/2024,https://www.petrolimex.com.vn/ndi/thong-cao-bao-chi/petrolimex-dieu-chinh-gia-xang-dau-tu-15-gio-00-phut-ngay-18-01-2024.html,https://files.petrolimex.com.vn/jpgs/6783dc1271ff449e95b74a9520964169/edcc8cddf4aa48bb89e788ed805a23b3/Gi%C3%A1%2018.01.2024.JPG,22 480
1/25/2024,https://www.petrolimex.com.vn/ndi/thong-cao-bao-chi/petrolimex-dieu-chinh-gia-xang-dau-tu-15-gio-00-phut-ngay-25-01-2024.html,https://files.petrolimex.com.vn/jpgs/6783dc1271ff449e95b74a9520964169/0fd6e7edfc5b4534ab4bbef4a8a126f1/Gi%C3%A1%2025.01.2024.JPG,23 400
2/1/2024,https://www.petrolimex.com.vn/ndi/thong-cao-bao-chi/petrolimex-dieu-chinh-gia-xang-dau-tu-15-gio-00-phut-ngay-01-02-2024.html,https://files.petrolimex.com.vn/jpgs/6783dc1271ff449e95b74a9520964169/d5ddfe4025b446cb87bec13d3a94d4f9/Gi%C3%A1%2001.02.2024.JPG,24 160
2/8/2024,https://www.petrolimex.com.vn/ndi/thong-cao-bao-chi/petrolimex-dieu-chinh-gia-xang-dau-tu-15-gio-00-phut-ngay-08-02-2024.html,https://files.petrolimex.com.vn/pngs/6783dc1271ff449e95b74a9520964169/e0855978c2234cb1939a84f4b4a50213/Gia%2008.2.2024.png,23 260
2/15/2024,https://www.petrolimex.com.vn/ndi/thong-cao-bao-chi/petrolimex-dieu-chinh-gia-xang-dau-tu-15-gio-00-phut-ngay-15-02-2024.html,https://files.petrolimex.com.vn/jpgs/6783dc1271ff449e95b74a9520964169/7de1c7389078404299961c0f780097a5/Giabanle15022024.jpg,23 910
2/22/2024,https://www.petrolimex.com.vn/ndi/thong-cao-bao-chi/petrolimex-dieu-chinh-gia-xang-dau-tu-15-gio-00-phut-ngay-22-02-2024.html,https://files.petrolimex.com.vn/jpgs/6783dc1271ff449e95b74a9520964169/8434db28a3ce4341951db8379b33c049/Gi%C3%A1%2022.02.2024.JPG,24 060
2/29/2024,https://www.petrolimex.com.vn/ndi/thong-cao-bao-chi/petrolimex-dieu-chinh-gia-xang-dau-tu-15-gio-00-phut-ngay-29-02-2024.html,https://files.petrolimex.com.vn/jpgs/6783dc1271ff449e95b74a9520964169/c653e580be154193b809c3535bf3091c/Gia%2029.02.2024.JPG,23 920
3/7/2024,https://www.petrolimex.com.vn/ndi/thong-cao-bao-chi/petrolimex-dieu-chinh-gia-xang-dau-tu-15-gio-00-phut-ngay-07-3-2024.html,https://files.petrolimex.com.vn/jpgs/6783dc1271ff449e95b74a9520964169/c3072208942c41ab9435c1ef59fff959/Gi%C3%A1%2007.3.2024.JPG,23 550
3/14/2024,https://www.petrolimex.com.vn/ndi/thong-cao-bao-chi/petrolimex-dieu-chinh-gia-xang-dau-tu-15-gio-00-phut-ngay-14-3-2024.html,https://files.petrolimex.com.vn/jpgs/6783dc1271ff449e95b74a9520964169/0b33a85adec24375901a9b69ae8091f6/Gia%2014.3.2024.JPG,23 540
3/21/2024,https://www.petrolimex.com.vn/ndi/thong-cao-bao-chi/petrolimex-dieu-chinh-gia-xang-dau-tu-15-gio-00-phut-ngay-21-3-2024.html,https://files.petrolimex.com.vn/jpgs/6783dc1271ff449e95b74a9520964169/4ea184120bc54b7b8c4754f566677866/Gia%2021.3.24.JPG,24 280
3/28/2024,https://www.petrolimex.com.vn/ndi/thong-cao-bao-chi/petrolimex-dieu-chinh-gia-xang-dau-tu-15-gio-00-phut-ngay-28-3-2024.html,https://files.petrolimex.com.vn/jpgs/6783dc1271ff449e95b74a9520964169/4eddf256636942aba99f3d96673d986b/Bang%20gia%2028032024.jpg,24 810
4/4/2024,https://www.petrolimex.com.vn/ndi/thong-cao-bao-chi/petrolimex-dieu-chinh-gia-xang-dau-tu-15-gio-00-phut-ngay-04-4-2024.html,https://files.petrolimex.com.vn/jpgs/6783dc1271ff449e95b74a9520964169/7615d6aa916a4cc581447f9dda564f11/Gia%204.4.2024.JPG,24 800
4/11/2024,https://www.petrolimex.com.vn/ndi/thong-cao-bao-chi/petrolimex-dieu-chinh-gia-xang-dau-tu-15-gio-00-phut-ngay-11-4-2024.html,https://files.petrolimex.com.vn/pngs/6783dc1271ff449e95b74a9520964169/a17257de93024e309920e562de901479/4-11-2024%202-49-50%20PM.png,24 820
4/17/2024,https://www.petrolimex.com.vn/ndi/thong-cao-bao-chi/petrolimex-dieu-chinh-gia-xang-dau-tu-15-gio-00-phut-ngay-17-4-2024.html,https://files.petrolimex.com.vn/pngs/6783dc1271ff449e95b74a9520964169/6ff889bff3714e07b94a71af11c0cb54/b%E1%BA%A3n%20gi%C3%A1%20final.png,25 230
4/25/2024,https://www.petrolimex.com.vn/ndi/thong-cao-bao-chi/petrolimex-dieu-chinh-gia-xang-dau-tu-15-gio-00-phut-ngay-25-4-2024.html,https://files.petrolimex.com.vn/jpgs/6783dc1271ff449e95b74a9520964169/b64496fbd84c4125976a1c14a9a836f3/b%E1%BA%A3ng%20gi%C3%A1%201.jpg,24 910
5/2/2024,https://www.petrolimex.com.vn/ndi/thong-cao-bao-chi/petrolimex-dieu-chinh-gia-xang-dau-tu-15-gio-00-phut-ngay-02-5-2024.html,https://files.petrolimex.com.vn/jpgs/6783dc1271ff449e95b74a9520964169/f09bf16e1f334fc8b9a59657b8d60afc/b%E1%BA%A3ng%20gi%C3%A1%2002052024.jpg,24 950
5/9/2024,https://www.petrolimex.com.vn/ndi/thong-cao-bao-chi/petrolimex-dieu-chinh-gia-xang-dau-tu-15-gio-00-phut-ngay-09-5-2024.html,https://files.petrolimex.com.vn/jpgs/6783dc1271ff449e95b74a9520964169/69e3162b20174d2a9fbe160fb069b220/gi%C3%A1%20b%C3%A1n%20l%E1%BA%BB.jpg,23 540
5/16/2024,https://www.petrolimex.com.vn/ndi/thong-cao-bao-chi/petrolimex-dieu-chinh-gia-xang-dau-tu-15-gio-00-phut-ngay-16-5-2024.html,https://files.petrolimex.com.vn/pngs/6783dc1271ff449e95b74a9520964169/e18d20f14eed403398cf54da9af117eb/Gia%2016.5.2024.png,23 130
5/23/2024,https://www.petrolimex.com.vn/ndi/thong-cao-bao-chi/petrolimex-dieu-chinh-gia-xang-dau-tu-15-gio-00-phut-ngay-23-5-2024.html,https://files.petrolimex.com.vn/pngs/6783dc1271ff449e95b74a9520964169/e94ca25fab464ac788d11127b7858532/Gia%2023.5.2024.png,23 210
5/30/2024,https://www.petrolimex.com.vn/ndi/thong-cao-bao-chi/petrolimex-dieu-chinh-gia-xang-dau-tu-15-gio-00-phut-ngay-30-5-2024.html,https://files.petrolimex.com.vn/jpgs/6783dc1271ff449e95b74a9520964169/14bc75abd6f649d098a74582049c0ca6/Gi%C3%A1%2030.5.2024.JPG,22 960
6/6/2024,https://www.petrolimex.com.vn/ndi/thong-cao-bao-chi/petrolimex-dieu-chinh-gia-xang-dau-tu-15-gio-00-phut-ngay-06-6-2024.html,https://files.petrolimex.com.vn/jpgs/6783dc1271ff449e95b74a9520964169/ebf331241e844e239c55710c37536f2f/Gi%C3%A1%2006.6.2024.JPG,21 970
6/13/2024,https://www.petrolimex.com.vn/ndi/thong-cao-bao-chi/petrolimex-dieu-chinh-gia-xang-dau-tu-15-gio-00-phut-ngay-13-6-2024.html,https://files.petrolimex.com.vn/jpgs/6783dc1271ff449e95b74a9520964169/e4c54b60daca4ccc9cd0a4f634f4e39b/Gia%2013.6.2024.JPG,22 230
6/20/2024,https://www.petrolimex.com.vn/ndi/thong-cao-bao-chi/petrolimex-dieu-chinh-gia-xang-dau-tu-15-gio-00-phut-ngay-20-6-2024.html,https://files.petrolimex.com.vn/jpgs/6783dc1271ff449e95b74a9520964169/6e4ce01ba891408681ff9c1ba2c64cc9/Gi%C3%A1%2020.6.2024.JPG,22 460
6/27/2024,https://www.petrolimex.com.vn/ndi/thong-cao-bao-chi/petrolimex-dieu-chinh-gia-xang-dau-tu-15-gio-00-phut-ngay-27-6-2024.html,https://files.petrolimex.com.vn/jpgs/6783dc1271ff449e95b74a9520964169/5213ba0711ac43aebc0ae26f108afb12/Gi%C3%A1%2027.6.2024.JPG,23 010
7/4/2024,https://www.petrolimex.com.vn/ndi/thong-cao-bao-chi/petrolimex-dieu-chinh-gia-xang-dau-tu-15-gio-00-phut-ngay-04-7-2024.html,https://files.petrolimex.com.vn/jpgs/6783dc1271ff449e95b74a9520964169/b816a331e335457fa08f93d12d9e6b2f/gi%C3%A1.jpg,23 550
7/11/2024,https://www.petrolimex.com.vn/ndi/thong-cao-bao-chi/petrolimex-dieu-chinh-gia-xang-dau-tu-15-gio-00-phut-ngay-11-7-2024.html,https://files.petrolimex.com.vn/jpgs/6783dc1271ff449e95b74a9520964169/2cdb2f24fd9c461e82005ed0be71be48/Gi%C3%A1%2011.7.2024.JPG,23 290
7/18/2024,https://www.petrolimex.com.vn/ndi/thong-cao-bao-chi/petrolimex-dieu-chinh-gia-xang-dau-tu-15-gio-00-phut-ngay-18-7-2024.html,https://files.petrolimex.com.vn/jpgs/6783dc1271ff449e95b74a9520964169/de9df2fc056a479d9607ba3b282bf56a/Gi%C3%A1%2018.7.2024.JPG,23 170
7/25/2024,https://www.petrolimex.com.vn/ndi/thong-cao-bao-chi/petrolimex-dieu-chinh-gia-xang-dau-tu-15-gio-00-phut-ngay-25-7-2024.html,https://files.petrolimex.com.vn/jpgs/6783dc1271ff449e95b74a9520964169/5f779e08ce94476b8ce0eb8f1dc11362/Gi%C3%A1%2025.7.2024.JPG,22 880
8/1/2024,https://www.petrolimex.com.vn/ndi/thong-cao-bao-chi/petrolimex-dieu-chinh-gia-xang-dau-tu-15-gio-00-phut-ngay-01-8-2024.html,https://files.petrolimex.com.vn/jpgs/6783dc1271ff449e95b74a9520964169/7e417455ce7744d5a0c6c3fa05abf973/Gi%C3%A1%2001.8.2024.JPG,22 600
8/8/2024,https://www.petrolimex.com.vn/ndi/thong-cao-bao-chi/petrolimex-dieu-chinh-gia-xang-dau-tu-15-gio-00-phut-ngay-08-8-2024.html,https://files.petrolimex.com.vn/jpgs/6783dc1271ff449e95b74a9520964169/0abb95ed1d84435e82b40d6288bfa30c/Gia%2008.8.2024.JPG,21 670
8/15/2024,https://www.petrolimex.com.vn/ndi/thong-cao-bao-chi/petrolimex-dieu-chinh-gia-xang-dau-tu-15-gio-00-phut-ngay-15-8-2024.html,https://files.petrolimex.com.vn/pngs/6783dc1271ff449e95b74a9520964169/7286eafed5284abfb3f7cb9e461e0abc/Gi%C3%A1%2015.8.2024.png,21 850
8/22/2024,https://www.petrolimex.com.vn/ndi/thong-cao-bao-chi/petrolimex-dieu-chinh-gia-xang-dau-tu-15-gio-00-phut-ngay-22-8-2024.html,https://files.petrolimex.com.vn/pngs/6783dc1271ff449e95b74a9520964169/6418f01f0c9541d895ffddbab76b495f/Gi%C3%A1%2022.8.2024.png,21 310
8/29/2024,https://www.petrolimex.com.vn/ndi/thong-cao-bao-chi/petrolimex-dieu-chinh-gia-xang-dau-tu-15-gio-00-phut-ngay-29-8-2024.html,https://files.petrolimex.com.vn/pngs/6783dc1271ff449e95b74a9520964169/9369c96b8a8c448f956a9301743621c8/Gias%2029.8.2024.png,21 100
9/5/2024,https://www.petrolimex.com.vn/ndi/thong-cao-bao-chi/petrolimex-dieu-chinh-gia-xang-dau-tu-15-gio-00-phut-ngay-05-9-2024.html,https://files.petrolimex.com.vn/jpgs/6783dc1271ff449e95b74a9520964169/350ae8832f1a4a72b69a11315f35cc88/Gi%C3%A1%2005.9.2024.JPG,20 820
9/12/2024,https://www.petrolimex.com.vn/ndi/thong-cao-bao-chi/petrolimex-dieu-chinh-gia-xang-dau-tu-15-gio-00-phut-ngay-12-9-2024.html,https://files.petrolimex.com.vn/jpgs/6783dc1271ff449e95b74a9520964169/6bc6fd713f6b421f8fb2cdf61f59a29f/Gi%C3%A1%2012.9.2024.JPG,19 630
9/19/2024,https://www.petrolimex.com.vn/ndi/thong-cao-bao-chi/petrolimex-dieu-chinh-gia-xang-dau-tu-15-gio-00-phut-ngay-19-9-2024.html,https://files.petrolimex.com.vn/jpgs/6783dc1271ff449e95b74a9520964169/931df234c78143158e9c62dc7825e1a0/Gi%C3%A1%2019.9.2024.JPG,19 760
9/26/2024,https://www.petrolimex.com.vn/ndi/thong-cao-bao-chi/petrolimex-dieu-chinh-gia-xang-dau-tu-15-gio-00-phut-ngay-26-9-2024.html,https://files.petrolimex.com.vn/jpgs/6783dc1271ff449e95b74a9520964169/9bc09732d71d4a7bb2fb9830891a8da7/Gi%C3%A1%2026.9.2024.JPG,20 510
10/3/2024,https://www.petrolimex.com.vn/ndi/thong-cao-bao-chi/petrolimex-dieu-chinh-gia-xang-dau-tu-15-gio-00-phut-ngay-03-10-2024.html,https://files.petrolimex.com.vn/jpgs/6783dc1271ff449e95b74a9520964169/bac8c4385caa43f0b59160555721c047/Gi%C3%A1%2003.10.2024.JPG,19 800
10/10/2024,https://www.petrolimex.com.vn/ndi/thong-cao-bao-chi/petrolimex-dieu-chinh-gia-xang-dau-tu-15-gio-00-phut-ngay-10-10-2024.html,https://files.petrolimex.com.vn/jpgs/6783dc1271ff449e95b74a9520964169/99f12a9bc5eb41b8bca2111a2822d247/Gi%C3%A1%2010.10.2024.JPG,21 060
10/17/2024,https://www.petrolimex.com.vn/ndi/thong-cao-bao-chi/petrolimex-dieu-chinh-gia-xang-dau-tu-15-gio-00-phut-ngay-17-10-2024.html,https://files.petrolimex.com.vn/jpgs/6783dc1271ff449e95b74a9520964169/892a2f2c867d4a4ab11a0769929533f5/Gi%C3%A1%2017.10.2024.JPG,20 960
10/24/2024,https://www.petrolimex.com.vn/ndi/thong-cao-bao-chi/petrolimex-dieu-chinh-gia-xang-dau-tu-15-gio-00-phut-ngay-24-10-2024.html,https://files.petrolimex.com.vn/jpgs/6783dc1271ff449e95b74a9520964169/1b50559830df4b3f9cac37d292ea2cca/Gi%C3%A1%2024.7.2024.JPG,20 890
10/31/2024,https://www.petrolimex.com.vn/ndi/thong-cao-bao-chi/petrolimex-dieu-chinh-gia-xang-dau-tu-15-gio-00-phut-ngay-31-10-2024.html,https://files.petrolimex.com.vn/jpgs/6783dc1271ff449e95b74a9520964169/4093caa5cd904923afdbadca1d458127/Gi%C3%A1%2031.10.2024.JPG,20 500
11/7/2024,https://www.petrolimex.com.vn/ndi/thong-cao-bao-chi/petrolimex-dieu-chinh-gia-xang-dau-tu-15-gio-00-phut-ngay-07-11-2024.html,https://files.petrolimex.com.vn/jpgs/6783dc1271ff449e95b74a9520964169/721f6de2ce2644feac86052edeeee217/Gi%C3%A1%2007.11.2024.JPG,20 850
11/14/2024,https://www.petrolimex.com.vn/ndi/thong-cao-bao-chi/petrolimex-dieu-chinh-gia-xang-dau-tu-15-gio-00-phut-ngay-14-11-2024.html,https://files.petrolimex.com.vn/jpgs/6783dc1271ff449e95b74a9520964169/075060a5693841abb503b4decae600ca/Gi%C3%A1%2014.11.2024.JPG,20 600
11/21/2024,https://www.petrolimex.com.vn/ndi/thong-cao-bao-chi/petrolimex-dieu-chinh-gia-xang-dau-tu-15-gio-00-phut-ngay-21-11-2024.html,https://files.petrolimex.com.vn/jpgs/6783dc1271ff449e95b74a9520964169/960d54b5bb0b41e883ae1ebb04283654/Gi%C3%A1%2021.11.2024.JPG,20 520
11/28/2024,https://www.petrolimex.com.vn/ndi/thong-cao-bao-chi/petrolimex-dieu-chinh-gia-xang-dau-tu-15-gio-00-phut-ngay-28-11-2024.html,https://files.petrolimex.com.vn/jpgs/6783dc1271ff449e95b74a9520964169/f351f8455e04475f98383d83b1628121/Gi%C3%A1%2028.11.2024.JPG,20 850
12/5/2024,https://www.petrolimex.com.vn/ndi/thong-cao-bao-chi/petrolimex-dieu-chinh-gia-xang-dau-tu-15-gio-00-phut-ngay-05-12-2024.html,https://files.petrolimex.com.vn/jpgs/6783dc1271ff449e95b74a9520964169/29984ef302cb4e369a0b695b32c11a61/Gi%C3%A1%2005.12.2024.JPG,20 560
12/12/2024,https://www.petrolimex.com.vn/ndi/thong-cao-bao-chi/petrolimex-dieu-chinh-gia-xang-dau-tu-15-gio-00-phut-ngay-12-12-2024.html,https://files.petrolimex.com.vn/jpgs/6783dc1271ff449e95b74a9520964169/abbacc36a200473a89d409c5e23bc56b/Gi%C3%A1%2012.12.2024.JPG,20 590
12/19/2024,https://www.petrolimex.com.vn/ndi/thong-cao-bao-chi/petrolimex-dieu-chinh-gia-xang-dau-tu-15-gio-00-phut-ngay-19-12-2024.html,https://files.petrolimex.com.vn/jpgs/6783dc1271ff449e95b74a9520964169/0ffff4923ca744ea93042f7efa8cdd94/Gi%C3%A1%2019.12.2024.JPG,21 000
12/26/2024,https://www.petrolimex.com.vn/ndi/thong-cao-bao-chi/petrolimex-dieu-chinh-gia-xang-dau-tu-15-gio-00-phut-ngay-26-12-2024.html,https://files.petrolimex.com.vn/jpgs/6783dc1271ff449e95b74a9520964169/9890ca0126c64c018616c64c43893bf0/Gi%C3%A1%2026.12.2024.JPG,20 540
1/2/2025,https://www.petrolimex.com.vn/ndi/thong-cao-bao-chi/petrolimex-dieu-chinh-gia-xang-dau-tu-15-gio-00-phut-ngay-02-01-2025.html,https://files.petrolimex.com.vn/jpgs/6783dc1271ff449e95b74a9520964169/bff763f8c1564311bfe56062f06e33d9/Gi%C3%A1%2002.01.2025.JPG,20 740
1/9/2025,https://www.petrolimex.com.vn/ndi/thong-cao-bao-chi/petrolimex-dieu-chinh-gia-xang-dau-tu-15-gio-00-phut-ngay-09-01-2025.html,https://files.petrolimex.com.vn/jpgs/6783dc1271ff449e95b74a9520964169/ae3f382f82aa44cebd2656e61043574c/Gi%C3%A1%2009.01.2024.JPG,21 010
1/16/2025,https://www.petrolimex.com.vn/ndi/thong-cao-bao-chi/petrolimex-dieu-chinh-gia-xang-dau-tu-15-gio-00-phut-ngay-16-01-2025.html,https://files.petrolimex.com.vn/jpgs/6783dc1271ff449e95b74a9520964169/b976770ef1804efca5a78850290e4a55/Gi%C3%A1%2016.01.2025.JPG,21 220
1/23/2025,https://www.petrolimex.com.vn/ndi/thong-cao-bao-chi/petrolimex-dieu-chinh-gia-xang-dau-tu-15-gio-00-phut-ngay-23-01-2025.html,https://files.petrolimex.com.vn/jpgs/6783dc1271ff449e95b74a9520964169/17dc63fccb304f158a1fb048fe5a4c24/Gi%C3%A1%2023.01.2024.JPG,21 140
2/1/2025,https://www.petrolimex.com.vn/ndi/thong-cao-bao-chi/petrolimex-dieu-chinh-gia-xang-dau-tu-15-gio-00-phut-ngay-01-02-2025.html,https://files.petrolimex.com.vn/pngs/6783dc1271ff449e95b74a9520964169/b2309c8521734ccdac4d8a4af78ffff1/Gi%C3%A1%2001.02.2025.png,21 000
2/6/2025,https://www.petrolimex.com.vn/ndi/thong-cao-bao-chi/petrolimex-dieu-chinh-gia-xang-dau-tu-15-gio-00-phut-ngay-06-02-2025.html,https://files.petrolimex.com.vn/jpgs/6783dc1271ff449e95b74a9520964169/23261c70f9a04d30b75cd62efc81193b/Gi%C3%A1%2006.02.2025.JPG,20 920
2/13/2025,https://www.petrolimex.com.vn/ndi/thong-cao-bao-chi/petrolimex-dieu-chinh-gia-xang-dau-tu-15-gio-00-phut-ngay-13-02-2025.html,https://files.petrolimex.com.vn/jpgs/6783dc1271ff449e95b74a9520964169/1f08a52a09c54724a2acb8426410a874/Gi%C3%A1%2013.02.2025.JPG,21 070
2/20/2025,https://www.petrolimex.com.vn/ndi/thong-cao-bao-chi/petrolimex-dieu-chinh-gia-xang-dau-tu-15-gio-00-phut-ngay-20-02-2025.html,https://files.petrolimex.com.vn/jpgs/6783dc1271ff449e95b74a9520964169/4eaaa4a6e3ed4b4ba389cd013e229391/Gi%C3%A1%2020.2.2025.JPG,21 330
2/27/2025,https://www.petrolimex.com.vn/ndi/thong-cao-bao-chi/petrolimex-dieu-chinh-gia-xang-dau-tu-15-gio-00-phut-ngay-27-02-2025.html,https://files.petrolimex.com.vn/jpgs/6783dc1271ff449e95b74a9520964169/03f1a796cbb64b93b5bcf44e13595c8e/Gi%C3%A1%2027.2.2025.JPG,21 110
3/6/2025,https://www.petrolimex.com.vn/ndi/thong-cao-bao-chi/petrolimex-dieu-chinh-gia-xang-dau-tu-15-gio-00-phut-ngay-06-03-2025.html,https://files.petrolimex.com.vn/images/6783dc1271ff449e95b74a9520964169/7b90844cd94846d8bcb01dcac0ccb2bf/Screenshot%202025-03-06%20145527.jpg.webp,20 400
3/13/2025,https://www.petrolimex.com.vn/ndi/thong-cao-bao-chi/petrolimex-dieu-chinh-gia-xang-dau-tu-15-gio-00-phut-ngay-13-03-2025.html,https://files.petrolimex.com.vn/images/6783dc1271ff449e95b74a9520964169/36dd35a7c2c74a03a312f717eb15bba3/GBL13032025.jpg.webp,19 640
3/20/2025,https://www.petrolimex.com.vn/ndi/thong-cao-bao-chi/petrolimex-dieu-chinh-gia-xang-dau-tu-15-gio-00-phut-ngay-20-03-2025.html,https://files.petrolimex.com.vn/jpgs/6783dc1271ff449e95b74a9520964169/5c2b90dc352f4674a0bf82aca16c321a/2033.jpg,20 080
3/27/2025,https://www.petrolimex.com.vn/ndi/thong-cao-bao-chi/petrolimex-dieu-chinh-gia-xang-dau-tu-15-gio-00-phut-ngay-27-03-2025.html,https://files.petrolimex.com.vn/jpgs/6783dc1271ff449e95b74a9520964169/5c250c910cde4809870d0fd72885183a/273.jpg,20 420
4/3/2025,https://www.petrolimex.com.vn/ndi/thong-cao-bao-chi/petrolimex-dieu-chinh-gia-xang-dau-tu-15-gio-00-phut-ngay-03-4-2025.html,https://files.petrolimex.com.vn/images/6783dc1271ff449e95b74a9520964169/7067d5ec335d40efa2a4d17210581f66/Giabanle03042025.jpg.webp,20 910
4/10/2025,https://www.petrolimex.com.vn/ndi/thong-cao-bao-chi/petrolimex-dieu-chinh-gia-xang-dau-tu-15-gio-00-phut-ngay-10-04-2025.html,https://files.petrolimex.com.vn/jpgs/6783dc1271ff449e95b74a9520964169/0c0380db70a344a6977e1becc0d21aa7/22.jpg,19 200
4/17/2025,https://www.petrolimex.com.vn/ndi/thong-cao-bao-chi/petrolimex-dieu-chinh-gia-xang-dau-tu-15-gio-00-phut-ngay-17-04-2025.html,https://files.petrolimex.com.vn/jpgs/6783dc1271ff449e95b74a9520964169/9e818997cf7e4a2a9035fa0790b6d60c/333.jpg,18 850
4/24/2025,https://www.petrolimex.com.vn/ndi/thong-cao-bao-chi/petrolimex-dieu-chinh-gia-xang-dau-tu-15-gio-00-phut-ngay-24-04-2025.html,https://files.petrolimex.com.vn/jpgs/6783dc1271ff449e95b74a9520964169/37e39c3888864399a589ba00029d7411/Gi%C3%A1%20b%C3%A1n%20l%E1%BA%BB.jpg,19 630
5/5/2025,https://www.petrolimex.com.vn/ndi/thong-cao-bao-chi/petrolimex-dieu-chinh-gia-xang-dau-tu-15-gio-00-phut-ngay-05-05-2025.html,https://files.petrolimex.com.vn/jpgs/6783dc1271ff449e95b74a9520964169/b2d23ce154cd46e9b1c51e0fcdb76ff8/05-05-2025%2014-32-06.jpg,19 580
5/8/2025,https://www.petrolimex.com.vn/ndi/thong-cao-bao-chi/petrolimex-dieu-chinh-gia-xang-dau-tu-15-gio-00-phut-ngay-08-05-2025.html,https://files.petrolimex.com.vn/jpgs/6783dc1271ff449e95b74a9520964169/dc526366f202429fb7448a7dfc9b7f21/1111.jpg,19 170
5/15/2025,https://www.petrolimex.com.vn/ndi/thong-cao-bao-chi/petrolimex-dieu-chinh-gia-xang-dau-tu-15-gio-00-phut-ngay-15-05-2025.html,https://files.petrolimex.com.vn/jpgs/6783dc1271ff449e95b74a9520964169/d2360895f4e24426a93620c984123b3c/8e35b98e-7e7b-48ac-a967-350aeffaac51.jpg,19 590
5/22/2025,https://www.petrolimex.com.vn/ndi/thong-cao-bao-chi/petrolimex-dieu-chinh-gia-xang-dau-tu-15-gio-00-phut-ngay-22-05-2025.html,https://files.petrolimex.com.vn/jpgs/6783dc1271ff449e95b74a9520964169/fc51e295e9dc48558da90753513552db/bang%20gia%2022-05-2025%2014-30-44.jpg,19 530
5/29/2025,https://www.petrolimex.com.vn/ndi/thong-cao-bao-chi/petrolimex-dieu-chinh-gia-xang-dau-tu-15-gio-00-phut-ngay-29-05-2025.html,https://files.petrolimex.com.vn/jpgs/6783dc1271ff449e95b74a9520964169/c7f3f5e79e4a450e8f3ad47bf2e5b6cb/gi%C3%A1.jpg,19 560
6/5/2025,https://www.petrolimex.com.vn/ndi/thong-cao-bao-chi/petrolimex-dieu-chinh-gia-xang-dau-tu-15-gio-00-phut-ngay-05-6-2025.html,https://files.petrolimex.com.vn/jpgs/6783dc1271ff449e95b74a9520964169/b357dced914343a6871061d306e47423/05-06-2025%2014-29-46.jpg,19 690
6/12/2025,https://www.petrolimex.com.vn/ndi/thong-cao-bao-chi/petrolimex-dieu-chinh-gia-xang-dau-tu-15-gio-00-phut-ngay-12-6-2025.html,https://files.petrolimex.com.vn/jpgs/6783dc1271ff449e95b74a9520964169/27653021caf442a7ac646482fb94e707/f0e72e7a-5de0-40c0-8f08-7586152f7bd0.jpg,19 960
6/19/2025,https://www.petrolimex.com.vn/ndi/thong-cao-bao-chi/petrolimex-dieu-chinh-gia-xang-dau-tu-15-gio-00-phut-ngay-19-6-2025.html,https://files.petrolimex.com.vn/jpgs/6783dc1271ff449e95b74a9520964169/fd7dcca5739e44b9adcbc326b2b8578a/gi%C3%A1%20b%C3%A1n%20l%E1%BA%BB.jpg,21 240
6/26/2025,https://www.petrolimex.com.vn/ndi/thong-cao-bao-chi/petrolimex-dieu-chinh-gia-xang-dau-tu-15-gio-00-phut-ngay-26-6-2025.html,https://files.petrolimex.com.vn/jpgs/6783dc1271ff449e95b74a9520964169/48bb2970e0c9426dbfb3ece783da6ed2/gi%C3%A1.jpg,21 500
7/1/2025,https://www.petrolimex.com.vn/ndi/thong-cao-bao-chi/petrolimex-dieu-chinh-gia-xang-dau-tu-00-gio-00-phut-ngay-01-7-2025.html,https://files.petrolimex.com.vn/jpgs/6783dc1271ff449e95b74a9520964169/a2b3ec260ecb44e5b49ff1524e9e90a5/gi%C3%A1%20b%C3%A1n%20l%E1%BA%BB.jpg,21 110
7/3/2025,https://www.petrolimex.com.vn/ndi/thong-cao-bao-chi/petrolimex-dieu-chinh-gia-xang-dau-tu-15-gio-00-phut-ngay-03-7-2025.html,https://files.petrolimex.com.vn/jpgs/6783dc1271ff449e95b74a9520964169/d1ba9cd0595f44cd9fd4acb715b810bd/gi%C3%A1%20b%C3%A1n%20l%E1%BA%BB.jpg,19 900
7/10/2025,https://www.petrolimex.com.vn/ndi/thong-cao-bao-chi/petrolimex-dieu-chinh-gia-xang-dau-tu-15-gio-00-phut-ngay-10-7-2025.html,https://files.petrolimex.com.vn/jpgs/6783dc1271ff449e95b74a9520964169/9161a37c95eb41afb63534d81cc36333/gi%C3%A1%20b%C3%A1n%20l%E1%BA%BB.jpg,20 090
7/17/2025,https://www.petrolimex.com.vn/ndi/thong-cao-bao-chi/petrolimex-dieu-chinh-gia-xang-dau-tu-15-gio-00-phut-ngay-17-7-2025.html,https://files.petrolimex.com.vn/jpgs/6783dc1271ff449e95b74a9520964169/a49b1cc772b544adab310b38050196dc/gi%C3%A1%20b%C3%A1n%20l%E1%BA%BB.jpg,19 920
7/24/2025,https://www.petrolimex.com.vn/ndi/thong-cao-bao-chi/petrolimex-dieu-chinh-gia-xang-dau-tu-15-gio-00-phut-ngay-24-7-2025.html,https://files.petrolimex.com.vn/jpgs/6783dc1271ff449e95b74a9520964169/59152396add84bf3b12d99b4c3086c83/gi%C3%A1%20b%C3%A1n%20l%E1%BA%BB%201.jpg,19 700
7/31/2025,https://www.petrolimex.com.vn/ndi/thong-cao-bao-chi/petrolimex-dieu-chinh-gia-xang-dau-tu-15-gio-00-phut-ngay-31-7-2025.html,https://files.petrolimex.com.vn/jpgs/6783dc1271ff449e95b74a9520964169/e68aa1d1d440458dad3d9f987afcc059/gi%C3%A1%20bsn%20l%E1%BA%BB.jpg,19 840
8/7/2025,https://www.petrolimex.com.vn/ndi/thong-cao-bao-chi/petrolimex-dieu-chinh-gia-xang-dau-tu-15-gio-00-phut-ngay-07-8-2025.html,https://files.petrolimex.com.vn/jpgs/6783dc1271ff449e95b74a9520964169/250436fdd36644a7ac257f0f9dcb4fb3/gi%C3%A1%20078.jpg,20 070
8/14/2025,https://www.petrolimex.com.vn/ndi/thong-cao-bao-chi/petrolimex-dieu-chinh-gia-xang-dau-tu-15-gio-00-phut-ngay-14-8-2025.html,https://files.petrolimex.com.vn/jpgs/6783dc1271ff449e95b74a9520964169/2b170ed97b8444cc82f5c2c907e8c9b5/14-08-2025%2014-26-39.jpg,19 880
8/21/2025,https://www.petrolimex.com.vn/ndi/thong-cao-bao-chi/petrolimex-dieu-chinh-gia-xang-dau-tu-15-gio-00-phut-ngay-21-8-2025.html,https://files.petrolimex.com.vn/jpgs/6783dc1271ff449e95b74a9520964169/5a7393ff1e9a48219ce8c09d1500023d/gi%C3%A1%20b%C3%A1n%20l%E1%BA%BB.jpg,20 090
8/28/2025,https://www.petrolimex.com.vn/ndi/thong-cao-bao-chi/petrolimex-dieu-chinh-gia-xang-dau-tu-15-gio-00-phut-ngay-28-8-2025.html,https://files.petrolimex.com.vn/jpgs/6783dc1271ff449e95b74a9520964169/aa92bfbb32c7468db563c768e5543d0f/gi%C3%A1%20b%C3%A1n%20l%E1%BA%BB%201.jpg,20 360
9/4/2025,https://www.petrolimex.com.vn/ndi/thong-cao-bao-chi/petrolimex-dieu-chinh-gia-xang-dau-tu-15-gio-00-phut-ngay-04-9-2025.html,https://files.petrolimex.com.vn/jpgs/6783dc1271ff449e95b74a9520964169/198549741b63423f81994414f7d7ba87/image%20(1).jfif,20 430
9/11/2025,https://www.petrolimex.com.vn/ndi/thong-cao-bao-chi/petrolimex-dieu-chinh-gia-xang-dau-tu-15-gio-00-phut-ngay-11-9-2025.html,https://files.petrolimex.com.vn/jpgs/6783dc1271ff449e95b74a9520964169/93987a93e0574da5a166aceb4c395533/gi%C3%A1%20b%C3%A1n%20l%E1%BA%BB.jpg,20 400
9/18/2025,https://www.petrolimex.com.vn/ndi/thong-cao-bao-chi/petrolimex-dieu-chinh-gia-xang-dau-tu-15-gio-00-phut-ngay-18-9-2025.html,https://files.petrolimex.com.vn/jpgs/6783dc1271ff449e95b74a9520964169/5d8782f9356e4615831f1153002f2794/gi%C3%A1%20b%C3%A1n%20l%E1%BA%BB.jpg,20 600
9/25/2025,https://www.petrolimex.com.vn/ndi/thong-cao-bao-chi/petrolimex-dieu-chinh-gia-xang-dau-tu-15-gio-00-phut-ngay-25-9-2025.html,https://files.petrolimex.com.vn/jpgs/6783dc1271ff449e95b74a9520964169/2b8b2612a92b4ff3a1090aef5bd180f0/gi%C3%A1%20b%C3%A1n%20l%E1%BA%BB.jpg,20 160
10/2/2025,https://www.petrolimex.com.vn/ndi/thong-cao-bao-chi/petrolimex-dieu-chinh-gia-xang-dau-tu-15-gio-00-phut-ngay-02-10-2025.html,https://files.petrolimex.com.vn/jpgs/6783dc1271ff449e95b74a9520964169/f2870374ba3f47cbb45264146defc30d/gi%C3%A1%20b%C3%A1n%20l%E1%BA%BB.jpg,20 200
10/9/2025,https://www.petrolimex.com.vn/ndi/thong-cao-bao-chi/petrolimex-dieu-chinh-gia-xang-dau-tu-15-gio-00-phut-ngay-09-10-2025.html,https://files.petrolimex.com.vn/jpgs/6783dc1271ff449e95b74a9520964169/67adc2a5bc304aacae0367a63f6340ab/gi%C3%A1%20b%C3%A1n%20l%E1%BA%BB.jpg,19 720
10/16/2025,https://www.petrolimex.com.vn/ndi/thong-cao-bao-chi/petrolimex-dieu-chinh-gia-xang-dau-tu-15-gio-00-phut-ngay-16-10-2025.html,https://files.petrolimex.com.vn/jpgs/6783dc1271ff449e95b74a9520964169/59b8dc23b9014000a96ea551d8b9225d/gi%C3%A1%20b%C3%A1n%20l%E1%BA%BB.jpg,19 900
10/23/2025,https://www.petrolimex.com.vn/ndi/thong-cao-bao-chi/petrolimex-dieu-chinh-gia-xang-dau-tu-15-gio-00-phut-ngay-23-10-2025.html,https://files.petrolimex.com.vn/jpgs/6783dc1271ff449e95b74a9520964169/3a4abedfaa90434db475608c4424e4b1/gi%C3%A1%20b%C3%A1n%20l%E1%BA%BB.jpg,19 720
10/30/2025,https://www.petrolimex.com.vn/ndi/thong-cao-bao-chi/petrolimex-dieu-chinh-gia-xang-dau-tu-15-gio-00-phut-ngay-30-10-2025.html,https://files.petrolimex.com.vn/jpgs/6783dc1271ff449e95b74a9520964169/166bf568a1c34a30bb1a35fe5e94a0b9/gi%C3%A1n%20b%C3%A1n%20l%E1%BA%BB.jpg,20 480
11/6/2025,https://www.petrolimex.com.vn/ndi/thong-cao-bao-chi/petrolimex-dieu-chinh-gia-xang-dau-tu-15-gio-00-phut-ngay-06-11-2025.html,https://files.petrolimex.com.vn/jpgs/6783dc1271ff449e95b74a9520964169/789ce5e289c34a8b86df484d2921745c/gi%C3%A1%20b%C3%A1n%20l%E1%BA%BB.jpg,20 410
11/13/2025,https://www.petrolimex.com.vn/ndi/thong-cao-bao-chi/petrolimex-dieu-chinh-gia-xang-dau-tu-15-gio-00-phut-ngay-13-11-2025.html,https://files.petrolimex.com.vn/jpgs/6783dc1271ff449e95b74a9520964169/d2156a618c514cc4b97f54bc59e115d8/gi%C3%A1%20b%C3%A1n%20l%E1%BA%BB.jpg,20 570
11/20/2025,https://www.petrolimex.com.vn/ndi/thong-cao-bao-chi/petrolimex-dieu-chinh-gia-xang-dau-tu-15-gio-00-phut-ngay-20-11-2025.html,https://files.petrolimex.com.vn/jpgs/6783dc1271ff449e95b74a9520964169/5d84c0d712e841a98962833c771a6a96/bang-gia-20-11.jpg,20 540
11/27/2025,https://www.petrolimex.com.vn/ndi/thong-cao-bao-chi/petrolimex-dieu-chinh-gia-xang-dau-tu-15-gio-00-phut-ngay-27-11-2025.html,https://files.petrolimex.com.vn/jpgs/6783dc1271ff449e95b74a9520964169/5dbf4b1d2879405fb6b445fd9c31ebba/2025-11-27_14-38-01.jpg,20 000
12/4/2025,https://www.petrolimex.com.vn/ndi/thong-cao-bao-chi/petrolimex-dieu-chinh-gia-xang-dau-tu-15-gio-00-phut-ngay-04-12-2025.html,https://files.petrolimex.com.vn/jpgs/6783dc1271ff449e95b74a9520964169/79eb225b7e7f412ebabc448ec9c31b2e/bang-gia-2.jpg,20 460
12/11/2025,https://www.petrolimex.com.vn/ndi/thong-cao-bao-chi/petrolimex-dieu-chinh-gia-xang-dau-tu-15-gio-00-phut-ngay-11-12-2025.html,https://files.petrolimex.com.vn/jpgs/6783dc1271ff449e95b74a9520964169/4d117d1211484a0691a37c4db8ba3dbb/gi%C3%A1%20b%C3%A1n%20l%E1%BA%BB.jpg,20 080
12/18/2025,https://www.petrolimex.com.vn/ndi/thong-cao-bao-chi/petrolimex-dieu-chinh-gia-xang-dau-tu-15-gio-00-phut-ngay-18-12-2025.html,https://files.petrolimex.com.vn/jpgs/6783dc1271ff449e95b74a9520964169/42c30e34920e4326909ddc1af01c5e2b/gi%C3%A1%20b%C3%A1n%20l%E1%BA%BB.jpg,19 620
12/25/2025,https://www.petrolimex.com.vn/ndi/thong-cao-bao-chi/petrolimex-dieu-chinh-gia-xang-dau-tu-15-gio-00-phut-ngay-25-12-2025.html,https://files.petrolimex.com.vn/jpgs/6783dc1271ff449e95b74a9520964169/262bf40cef55489da23699c2493a4a39/gi%C3%A1%20b%C3%A1n%20l%E1%BA%BB%201.jpg,19 000
12/31/2025,https://www.petrolimex.com.vn/ndi/thong-cao-bao-chi/petrolimex-dieu-chinh-gia-xang-dau-tu-15-gio-00-phut-ngay-31-12-2025.html,https://files.petrolimex.com.vn/jpgs/6783dc1271ff449e95b74a9520964169/084bda22d8be4630880b32ec67caa0db/gi%C3%A1%20b%C3%A1n%20l%E1%BA%BB.JPG,18 910
1/8/2026,https://www.petrolimex.com.vn/ndi/thong-cao-bao-chi/petrolimex-dieu-chinh-gia-xang-dau-tu-15-gio-00-phut-ngay-08-01-2026.html,https://files.petrolimex.com.vn/jpgs/6783dc1271ff449e95b74a9520964169/f097259473934746ba21ea9335561878/2026-01-08_14-38-45.jpg,18 560
1/15/2026,https://www.petrolimex.com.vn/ndi/thong-cao-bao-chi/petrolimex-dieu-chinh-gia-xang-dau-tu-15-gio-00-phut-ngay-15-01-2026.html,https://files.petrolimex.com.vn/jpgs/6783dc1271ff449e95b74a9520964169/0eca0ab0f56a44839472b420df1e979d/gi%C3%A1%20b%C3%A1n%20l%E1%BA%BB.jpg,18 710
1/22/2026,https://www.petrolimex.com.vn/ndi/thong-cao-bao-chi/petrolimex-dieu-chinh-gia-xang-dau-tu-15-gio-00-phut-ngay-22-01-2026.html,https://files.petrolimex.com.vn/jpgs/6783dc1271ff449e95b74a9520964169/64836ac371824e0c856968c46f9df69a/22-01-2026%2014-31-46.jpg,18 630
1/29/2026,https://www.petrolimex.com.vn/ndi/thong-cao-bao-chi/petrolimex-dieu-chinh-gia-xang-dau-tu-15-gio-00-phut-ngay-29-01-2026.html,https://files.petrolimex.com.vn/jpgs/6783dc1271ff449e95b74a9520964169/b31b5e92e4504ce2b006336e413b04fe/2026-01-29_14-41-26.jpg,18 840
2/5/2026,https://www.petrolimex.com.vn/ndi/thong-cao-bao-chi/petrolimex-dieu-chinh-gia-xang-dau-tu-15-gio-00-phut-ngay-05-02-2026.html,https://files.petrolimex.com.vn/jpgs/6783dc1271ff449e95b74a9520964169/66f47cf2c70e4019aad8dc9404f0b74f/gi%C3%A1%20b%C3%A1n%20l%E1%BA%BB.jpg,18 880
2/12/2026,https://www.petrolimex.com.vn/ndi/thong-cao-bao-chi/petrolimex-dieu-chinh-gia-xang-dau-tu-15-gio-00-phut-ngay-12-02-2026.html,https://files.petrolimex.com.vn/jpgs/6783dc1271ff449e95b74a9520964169/3f2af19f8d394629b561e784b47489e5/Gi%C3%A1%20b%C3%A1n%20l%E1%BA%BB.jpg,19 290
2/20/2026,https://www.petrolimex.com.vn/ndi/thong-cao-bao-chi/petrolimex-dieu-chinh-gia-xang-dau-tu-15-gio-00-phut-ngay-20-02-2026.html,https://files.petrolimex.com.vn/jpgs/6783dc1271ff449e95b74a9520964169/554fdb0b5610419fabd6a9227e23c431/gi%C3%A1%20b%C3%A1n%20l%E1%BA%BB%201.jpg,19 150
2/26/2026,https://www.petrolimex.com.vn/ndi/thong-cao-bao-chi/petrolimex-dieu-chinh-gia-xang-dau-tu-15-gio-00-phut-ngay-26-02-2026.html,https://files.petrolimex.com.vn/jpgs/6783dc1271ff449e95b74a9520964169/cdb10d4d0298491989d376599271ad77/gi%C3%A1%20b%C3%A1n%20l%E1%BA%BB.jpg,20 150
3/5/2026,https://www.petrolimex.com.vn/ndi/thong-cao-bao-chi/petrolimex-dieu-chinh-gia-xang-dau-tu-15-gio-00-phut-ngay-05-03-2026.html,https://files.petrolimex.com.vn/jpgs/6783dc1271ff449e95b74a9520964169/93ee0f0e6b0c43c895ee1f8318b667e5/gi%C3%A1%20b%C3%A1n%20l%E1%BA%BB.jpg,22 340
3/7/2026,https://www.petrolimex.com.vn/ndi/thong-cao-bao-chi/petrolimex-dieu-chinh-gia-xang-dau-tu-15-gio-00-phut-ngay-07-3-2026.html,https://files.petrolimex.com.vn/jpgs/6783dc1271ff449e95b74a9520964169/2cbd9986e64d4b099dfd4ed12e1d1bd8/gi%C3%A1%20b%C3%A1n%20l%E1%BA%BB%201.jpg,27 040
3/10/2026,https://www.petrolimex.com.vn/ndi/thong-cao-bao-chi/petrolimex-dieu-chinh-gia-xang-dau-tu-23-gio-45-phut-ngay-10-3-2026.html,https://files.petrolimex.com.vn/jpgs/6783dc1271ff449e95b74a9520964169/613b559999f54744a5e718ed94a9f7e2/gi%C3%A1%20b%C3%A1n%20l%E1%BA%BB.JPG,29 120
3/11/2026,https://www.petrolimex.com.vn/ndi/thong-cao-bao-chi/petrolimex-dieu-chinh-gia-xang-dau-tu-22-gio-00-phut-ngay-11-3-2026.html,https://files.petrolimex.com.vn/jpgs/6783dc1271ff449e95b74a9520964169/983102978ff14812a5429c0b44feae99/gi%C3%A1banle.JPG,25 240
3/12/2026,https://www.petrolimex.com.vn/ndi/thong-cao-bao-chi/petrolimex-dieu-chinh-gia-xang-dau-tu-22-gio-00-phut-ngay-12-3-2026.html,https://files.petrolimex.com.vn/images/6783dc1271ff449e95b74a9520964169/82310111be5d49c69c91637e0232e6b1/giabanle.JPG.webp,25 570
3/19/2026,https://www.petrolimex.com.vn/ndi/thong-cao-bao-chi/petrolimex-dieu-chinh-gia-xang-dau-tu-23-gio-00-phut-ngay-19-3-2026.html,https://files.petrolimex.com.vn/jpgs/6783dc1271ff449e95b74a9520964169/5bc6cebdbee1429aa947db9b285fca90/gi%C3%A1%20b%C3%A1n%20l%E1%BA%BB.JPG,30 690
3/24/2026,https://www.petrolimex.com.vn/ndi/thong-cao-bao-chi/petrolimex-dieu-chinh-gia-xang-dau-tu-23-gio-00-phut-ngay-24-3-2026.html,https://files.petrolimex.com.vn/jpgs/6783dc1271ff449e95b74a9520964169/b90dbb3326f04971aef0fe425bec9b95/gi%C3%A1%20b%C3%A1n%20l%E1%BA%BB%202.JPG,33 840
3/25/2026,https://www.petrolimex.com.vn/ndi/thong-cao-bao-chi/petrolimex-dieu-chinh-gia-xang-dau-tu-14-gio-00-phut-ngay-25-3-2026.html,https://files.petrolimex.com.vn/images/6783dc1271ff449e95b74a9520964169/0824cb69ad9a40719c5834c699d5dadf/Giabanle25032026.png.webp,29 950
3/26/2026,https://www.petrolimex.com.vn/ndi/thong-cao-bao-chi/petrolimex-dieu-chinh-gia-xang-dau-tu-24-gio-00-phut-ngay-26-3-2026.html,https://files.petrolimex.com.vn/jpgs/6783dc1271ff449e95b74a9520964169/f8d4d4bfa13246aa837a34857974e467/gi%C3%A1%20b%C3%A1n%20l%E1%BA%BB.JPG,24 330
4/2/2026,https://www.petrolimex.com.vn/ndi/thong-cao-bao-chi/petrolimex-dieu-chinh-gia-xang-dau-tu-23-gio-30-phut-ngay-02-4-2026.html,https://files.petrolimex.com.vn/jpgs/6783dc1271ff449e95b74a9520964169/c46e4e58a4104a44969b5d9356cc7162/gi%C3%A1banle.JPG,25 150
4/3/2026,https://www.petrolimex.com.vn/ndi/thong-cao-bao-chi/petrolimex-dieu-chinh-gia-xang-dau-tu-23-gio-45-phut-ngay-03-4-2026.html,https://files.petrolimex.com.vn/jpgs/6783dc1271ff449e95b74a9520964169/c711f0d792944ca4bfd89044c3855c1c/giabanle.JPG,26 970
4/8/2026,https://www.petrolimex.com.vn/ndi/thong-cao-bao-chi/petrolimex-dieu-chinh-gia-xang-dau-tu-15-gio-30-phut-ngay-08-4-2026.html,https://files.petrolimex.com.vn/jpgs/6783dc1271ff449e95b74a9520964169/36e7d60827dd43fea37a6d4657f6b753/gi%C3%A1%20b%C3%A1n%20l%E1%BA%BB.jpg,26 530
4/9/2026,https://www.petrolimex.com.vn/ndi/thong-cao-bao-chi/petrolimex-dieu-chinh-gia-xang-dau-tu-15-gio-30-phut-ngay-09-4-2026.html,https://files.petrolimex.com.vn/jpgs/6783dc1271ff449e95b74a9520964169/e049b99e06cd4a819850006e1884e631/2446767464496163978.jpg,23 540
4/16/2026,https://www.petrolimex.com.vn/ndi/thong-cao-bao-chi/petrolimex-dieu-chinh-gia-xang-dau-tu-00-gio-00-phut-ngay-16-4-2026.html,https://files.petrolimex.com.vn/images/6783dc1271ff449e95b74a9520964169/6844d5a01cec4d55ae85ef8bd9f1536c/2026-04-16%20004801.png.webp,23 760
4/21/2026,https://www.petrolimex.com.vn/ndi/thong-cao-bao-chi/petrolimex-dieu-chinh-gia-xang-dau-tu-16-gio-00-phut-ngay-21-4-2026.html,https://files.petrolimex.com.vn/jpgs/6783dc1271ff449e95b74a9520964169/a7cd48e585b2420cb8241d97cae9e065/giabanle.jpg,23 040
4/23/2026,https://www.petrolimex.com.vn/ndi/thong-cao-bao-chi/petrolimex-dieu-chinh-gia-xang-dau-tu-15-gio-00-phut-ngay-23-4-2026.html,https://files.petrolimex.com.vn/jpgs/6783dc1271ff449e95b74a9520964169/e615b917e4bb4a4a92ee14d12aa6024b/giabanle.jpg,22 880
4/29/2026,https://www.petrolimex.com.vn/ndi/thong-cao-bao-chi/petrolimex-dieu-chinh-gia-xang-dau-tu-15-gio-00-phut-ngay-29-4-2026.html,https://files.petrolimex.com.vn/images/6783dc1271ff449e95b74a9520964169/ef29d723bfcd4c99809e7383b7220d1f/Screenshot%202026-04-29%20145715.png.webp,23 750
5/7/2026,https://www.petrolimex.com.vn/ndi/thong-cao-bao-chi/petrolimex-dieu-chinh-gia-xang-dau-tu-15-gio-00-phut-ngay-07-5-2026.html,https://files.petrolimex.com.vn/jpgs/6783dc1271ff449e95b74a9520964169/314c0d39f31846eabca99f9ba1019543/giabanle.jpg,24 350
5/14/2026,https://www.petrolimex.com.vn/ndi/thong-cao-bao-chi/petrolimex-dieu-chinh-gia-xang-dau-tu-15-gio-00-phut-ngay-14-5-2026.html,https://files.petrolimex.com.vn/jpgs/6783dc1271ff449e95b74a9520964169/bd78dd7d8a094e9c9f0976cabbe4f17d/giaban.jpg,24 070
5/21/2026,https://www.petrolimex.com.vn/ndi/thong-cao-bao-chi/petrolimex-dieu-chinh-gia-xang-dau-tu-15-gio-00-phut-ngay-21-5-2026.html,https://files.petrolimex.com.vn/jpgs/6783dc1271ff449e95b74a9520964169/e8b2e7c3283340d8ba8c12c6c5fc31e3/giabanle.jpg,25 540
,,,
,,,
,,,
,,,
,,,
,,,
,,,
,,,
,,,
,,,
,,,
,,,
,,,
,,,
,,,
,,,
,,,
,,,
,,,
,,,
,,,
,,,
,,,
,,,
,,,
,,,
,,,
,,,
,,,
,,,
,,,
,,,
,,,
,,,
,,,
,,,
,,,
,,,
,,,
,,,
,,,
,,,
,,,
,,,
,,,
,,,
,,,
,,,
,,,
,,,
,,,
,,,
,,,
,,,
,,,
,,,
,,,
,,,
,,,
,,,
,,,
,,,
,,,
,,,
,,,
,,,
,,,
,,,
,,,
,,,
,,,
,,,
,,,
,,,
,,,
,,,
,,,
,,,
,,,
,,,
,,,
,,,
,,,
,,,
,,,
,,,
,,,
,,,
,,,
,,,
,,,
,,,
,,,
,,,
,,,
,,,
,,,
,,,
,,,
,,,
,,,
,,,
,,,
,,,
,,,
,,,
,,,
,,,
,,,
,,,
,,,
,,,
,,,
,,,
,,,
,,,
,,,
,,,
,,,
,,,
,,,
,,,
,,,
,,,
,,,
,,,
,,,
,,,
,,,
,,,
,,,
,,,
,,,
,,,
,,,
,,,
,,,
,,,
,,,
,,,
,,,
,,,
,,,
,,,
,,,
,,,
,,,
,,,
,,,
,,,
,,,
,,,
,,,
,,,
,,,
,,,
,,,
,,,
,,,
,,,
,,,
,,,
,,,
,,,
,,,
,,,
,,,
,,,
,,,
,,,
,,,
,,,
,,,
,,,
,,,
,,,
,,,
,,,
,,,
,,,
,,,
,,,
,,,
,,,
,,,
,,,
,,,
,,,
,,,
,,,
,,,
,,,
,,,
,,,
,,,
,,,
,,,
,,,
,,,
,,,
,,,
,,,
,,,
,,,
,,,
,,,
,,,
,,,
,,,
,,,
,,,
,,,
,,,
,,,
,,,
,,,
,,,
,,,
,,,
,,,
,,,
,,,
,,,
,,,
,,,
,,,
,,,
,,,
,,,
,,,
,,,
,,,
,,,
,,,
,,,
,,,
,,,
,,,
,,,
,,,
,,,
,,,
,,,
,,,
,,,
,,,
,,,
,,,
,,,
,,,
,,,
,,,
,,,
,,,
,,,
,,,
,,,
,,,
,,,
,,,
,,,
,,,
,,,
,,,
,,,
,,,
,,,
,,,
,,,
,,,
,,,
,,,
,,,
,,,
,,,
,,,
,,,
,,,
,,,
,,,
,,,
,,,
,,,
,,,
,,,
,,,
,,,
,,,
,,,
,,,
,,,
,,,
,,,
,,,
,,,
,,,
,,,
,,,
,,,
,,,
,,,
,,,
,,,
,,,
,,,
,,,
,,,
,,,
,,,
,,,
,,,
,,,
,,,
,,,
,,,
,,,
,,,
,,,
,,,
,,,
,,,
,,,
,,,
,,,
,,,
,,,
,,,
,,,
,,,
,,,
,,,
,,,
,,,
,,,
,,,
,,,
,,,
,,,
,,,
,,,
,,,
,,,
,,,
,,,
,,,
,,,
,,,
,,,
,,,
,,,
,,,
,,,
,,,
,,,
,,,
,,,
,,,
,,,
,,,
,,,
,,,
,,,
,,,
,,,
,,,
,,,
,,,
,,,
,,,
,,,
,,,
,,,
,,,
,,,
,,,
,,,
,,,
,,,
,,,
,,,
,,,
,,,
,,,
,,,
,,,
,,,
,,,
,,,
,,,
,,,
,,,
,,,
,,,
,,,
,,,
,,,
,,,
,,,
,,,
,,,
,,,
,,,
,,,
,,,
,,,
,,,
,,,
,,,
,,,
,,,
,,,
,,,
,,,
,,,
,,,
,,,
,,,
,,,
,,,
,,,
,,,
,,,
,,,
,,,
,,,
,,,
,,,
,,,
,,,
,,,
,,,
,,,
,,,
,,,
,,,
,,,
,,,
,,,
,,,
,,,
,,,
,,,
,,,
,,,
,,,
,,,
,,,
,,,
,,,
,,,
,,,
,,,
,,,
,,,
,,,
,,,
,,,
,,,
,,,
,,,
,,,
,,,
,,,
,,,
,,,
,,,
,,,
,,,
,,,
,,,
,,,
,,,
,,,
,,,
,,,
,,,
,,,
,,,
,,,
,,,
,,,
,,,
,,,
,,,
,,,
,,,
,,,
,,,
,,,
,,,
,,,
,,,
,,,
,,,
,,,
,,,
,,,
,,,
,,,
,,,
,,,
,,,
,,,
,,,
,,,
,,,
,,,
,,,
,,,
,,,
,,,
,,,
,,,
,,,
,,,
,,,
,,,
,,,
,,,
,,,
,,,
,,,
,,,
,,,
,,,
,,,
,,,
,,,
,,,
,,,
,,,
,,,
,,,
,,,
,,,
,,,
,,,
,,,
,,,
,,,
,,,
,,,
,,,
,,,
,,,
,,,
,,,
,,,
,,,
,,,
,,,
,,,
,,,
,,,
,,,
,,,
,,,
,,,
,,,
,,,
,,,
,,,
,,,
,,,
,,,
,,,
,,,
,,,
,,,
,,,
,,,
,,,
,,,
,,,
,,,
,,,
,,,
,,,
,,,
,,,
,,,
,,,
,,,
,,,
,,,
,,,
,,,
,,,
,,,
,,,
,,,
,,,
,,,
,,,
,,,
,,,
,,,
,,,
,,,
,,,
,,,
,,,
,,,
,,,
,,,
,,,
,,,
,,,
,,,
,,,
,,,
,,,
,,,
,,,
,,,
,,,
,,,
,,,
,,,
,,,
,,,
,,,
,,,
,,,
,,,
,,,
,,,
,,,
,,,
,,,
,,,
,,,
,,,
,,,
,,,
,,,
,,,
,,,
,,,
,,,
,,,
,,,
,,,
,,,
,,,
,,,
,,,
,,,
,,,
,,,
,,,
,,,
,,,
,,,
,,,
,,,
,,,
,,,
,,,
,,,
,,,
,,,
,,,
,,,
,,,
,,,
,,,
,,,
,,,
,,,
,,,
,,,
,,,
,,,
,,,
,,,
,,,
,,,
,,,
,,,
,,,
,,,
,,,
,,,
,,,
,,,
,,,
,,,
,,,
,,,
,,,
,,,
,,,
,,,
,,,
,,,
,,,
,,,
,,,
,,,
,,,
,,,
,,,
,,,
,,,
,,,
,,,
,,,
,,,
,,,
,,,
,,,
,,,
,,,
,,,
,,,
,,,
,,,
,,,
,,,
,,,
,,,
,,,
,,,
,,,
,,,
,,,
,,,
,,,
,,,
,,,
,,,
,,,
,,,
,,,
,,,
,,,
,,,
,,,
,,,
,,,
,,,
,,,
,,,
,,,
